06:10:38	fin-oom-worker-1 850.8MiB / 1.5GiB 0.38%|fin-oom-api-1 922.3MiB / 7.749GiB 0.23%|
06:10:40	fin-oom-worker-1 850.8MiB / 1.5GiB 0.68%|fin-oom-api-1 922.3MiB / 7.749GiB 0.23%|
06:10:42	fin-oom-worker-1 850.8MiB / 1.5GiB 0.30%|fin-oom-api-1 922.5MiB / 7.749GiB 9.10%|
06:10:44	fin-oom-worker-1 850.8MiB / 1.5GiB 0.66%|fin-oom-api-1 922.5MiB / 7.749GiB 0.21%|
06:10:46	fin-oom-worker-1 850.8MiB / 1.5GiB 0.71%|fin-oom-api-1 922.5MiB / 7.749GiB 0.25%|
06:10:48	fin-oom-worker-1 850.8MiB / 1.5GiB 0.60%|fin-oom-api-1 922.2MiB / 7.749GiB 0.22%|
06:10:50	fin-oom-worker-1 850.8MiB / 1.5GiB 0.15%|fin-oom-api-1 922.2MiB / 7.749GiB 0.17%|
06:10:52	fin-oom-worker-1 850.8MiB / 1.5GiB 0.15%|fin-oom-api-1 922.1MiB / 7.749GiB 15.33%|
06:10:54	fin-oom-worker-1 850.8MiB / 1.5GiB 0.43%|fin-oom-api-1 922.1MiB / 7.749GiB 0.18%|
06:10:56	fin-oom-worker-1 850.8MiB / 1.5GiB 0.27%|fin-oom-api-1 922.1MiB / 7.749GiB 0.19%|
06:10:58	fin-oom-worker-1 850.8MiB / 1.5GiB 0.19%|fin-oom-api-1 922.4MiB / 7.749GiB 0.21%|
06:11:01	fin-oom-worker-1 850.8MiB / 1.5GiB 0.15%|fin-oom-api-1 922.4MiB / 7.749GiB 0.16%|
06:11:03	fin-oom-worker-1 850.4MiB / 1.5GiB 0.21%|fin-oom-api-1 1.206GiB / 7.749GiB 86.42%|
06:11:05	fin-oom-worker-1 943.7MiB / 1.5GiB 99.62%|fin-oom-api-1 1.204GiB / 7.749GiB 0.06%|
06:11:07	fin-oom-worker-1 943.7MiB / 1.5GiB 100.29%|fin-oom-api-1 1.204GiB / 7.749GiB 0.08%|
06:11:09	fin-oom-worker-1 943.8MiB / 1.5GiB 99.64%|fin-oom-api-1 1.204GiB / 7.749GiB 5.46%|
06:11:11	fin-oom-worker-1 943.8MiB / 1.5GiB 99.95%|fin-oom-api-1 1.204GiB / 7.749GiB 0.06%|
06:11:13	fin-oom-worker-1 943.2MiB / 1.5GiB 100.82%|fin-oom-api-1 1.204GiB / 7.749GiB 0.08%|
06:11:15	fin-oom-worker-1 943.7MiB / 1.5GiB 101.14%|fin-oom-api-1 1.204GiB / 7.749GiB 0.05%|
06:11:17	fin-oom-worker-1 943.7MiB / 1.5GiB 100.21%|fin-oom-api-1 1.204GiB / 7.749GiB 0.07%|
06:11:19	fin-oom-worker-1 943.5MiB / 1.5GiB 100.45%|fin-oom-api-1 1.204GiB / 7.749GiB 14.52%|
06:11:21	fin-oom-worker-1 943.8MiB / 1.5GiB 99.67%|fin-oom-api-1 1.204GiB / 7.749GiB 0.06%|
06:11:23	fin-oom-worker-1 943.5MiB / 1.5GiB 99.06%|fin-oom-api-1 1.204GiB / 7.749GiB 0.06%|
06:11:25	fin-oom-worker-1 924.2MiB / 1.5GiB 99.01%|fin-oom-api-1 1.204GiB / 7.749GiB 0.06%|
06:11:27	fin-oom-worker-1 943.9MiB / 1.5GiB 99.18%|fin-oom-api-1 1.204GiB / 7.749GiB 0.07%|
06:11:29	fin-oom-worker-1 943.9MiB / 1.5GiB 97.92%|fin-oom-api-1 1.204GiB / 7.749GiB 14.71%|
06:11:31	fin-oom-worker-1 943.4MiB / 1.5GiB 99.25%|fin-oom-api-1 1.204GiB / 7.749GiB 0.06%|
06:11:33	fin-oom-worker-1 943.7MiB / 1.5GiB 99.37%|fin-oom-api-1 1.204GiB / 7.749GiB 0.07%|
06:11:35	fin-oom-worker-1 943.6MiB / 1.5GiB 98.84%|fin-oom-api-1 1.204GiB / 7.749GiB 0.07%|
06:11:37	fin-oom-worker-1 943.6MiB / 1.5GiB 100.00%|fin-oom-api-1 1.204GiB / 7.749GiB 0.06%|
06:11:39	fin-oom-worker-1 943.8MiB / 1.5GiB 99.43%|fin-oom-api-1 1.204GiB / 7.749GiB 14.88%|
06:11:41	fin-oom-worker-1 943.6MiB / 1.5GiB 99.30%|fin-oom-api-1 1.204GiB / 7.749GiB 0.09%|
06:11:43	fin-oom-worker-1 944MiB / 1.5GiB 99.82%|fin-oom-api-1 1.204GiB / 7.749GiB 0.04%|
06:11:45	fin-oom-worker-1 943.7MiB / 1.5GiB 99.41%|fin-oom-api-1 1.204GiB / 7.749GiB 6.68%|
06:11:47	fin-oom-worker-1 913.5MiB / 1.5GiB 98.73%|fin-oom-api-1 1.204GiB / 7.749GiB 0.06%|
06:11:49	fin-oom-worker-1 943.7MiB / 1.5GiB 99.81%|fin-oom-api-1 1.204GiB / 7.749GiB 0.06%|
06:11:51	fin-oom-worker-1 899MiB / 1.5GiB 98.94%|fin-oom-api-1 1.204GiB / 7.749GiB 0.06%|
06:11:53	fin-oom-worker-1 929.3MiB / 1.5GiB 100.10%|fin-oom-api-1 1.204GiB / 7.749GiB 0.09%|
06:11:55	fin-oom-worker-1 928.8MiB / 1.5GiB 98.98%|fin-oom-api-1 1.204GiB / 7.749GiB 14.81%|
06:11:57	fin-oom-worker-1 928.8MiB / 1.5GiB 99.02%|fin-oom-api-1 1.204GiB / 7.749GiB 0.07%|
06:11:59	fin-oom-worker-1 929.1MiB / 1.5GiB 99.30%|fin-oom-api-1 1.204GiB / 7.749GiB 0.05%|
06:12:01	fin-oom-worker-1 929.4MiB / 1.5GiB 99.07%|fin-oom-api-1 1.204GiB / 7.749GiB 0.07%|
06:12:03	fin-oom-worker-1 929.4MiB / 1.5GiB 99.26%|fin-oom-api-1 1.204GiB / 7.749GiB 0.06%|
06:12:05	fin-oom-worker-1 928.8MiB / 1.5GiB 98.74%|fin-oom-api-1 1.204GiB / 7.749GiB 14.86%|
06:12:07	fin-oom-worker-1 929.2MiB / 1.5GiB 99.11%|fin-oom-api-1 1.204GiB / 7.749GiB 0.09%|
06:12:09	fin-oom-worker-1 929.1MiB / 1.5GiB 99.02%|fin-oom-api-1 1.204GiB / 7.749GiB 0.06%|
06:12:11	fin-oom-worker-1 929.1MiB / 1.5GiB 99.56%|fin-oom-api-1 1.204GiB / 7.749GiB 0.06%|
06:12:13	fin-oom-worker-1 929MiB / 1.5GiB 99.23%|fin-oom-api-1 1.204GiB / 7.749GiB 0.07%|
06:12:15	fin-oom-worker-1 929.2MiB / 1.5GiB 100.75%|fin-oom-api-1 1.204GiB / 7.749GiB 15.13%|
06:12:17	fin-oom-worker-1 929.1MiB / 1.5GiB 100.29%|fin-oom-api-1 1.204GiB / 7.749GiB 0.06%|
06:12:19	fin-oom-worker-1 928.9MiB / 1.5GiB 99.79%|fin-oom-api-1 1.204GiB / 7.749GiB 0.06%|
06:12:21	fin-oom-worker-1 928.9MiB / 1.5GiB 100.09%|fin-oom-api-1 1.204GiB / 7.749GiB 9.02%|
06:12:23	fin-oom-worker-1 929MiB / 1.5GiB 100.58%|fin-oom-api-1 1.204GiB / 7.749GiB 0.06%|
06:12:25	fin-oom-worker-1 929MiB / 1.5GiB 101.77%|fin-oom-api-1 1.204GiB / 7.749GiB 0.09%|
06:12:27	fin-oom-worker-1 929.4MiB / 1.5GiB 100.44%|fin-oom-api-1 1.204GiB / 7.749GiB 0.06%|
06:12:29	fin-oom-worker-1 929.3MiB / 1.5GiB 99.36%|fin-oom-api-1 1.204GiB / 7.749GiB 0.06%|
06:12:31	fin-oom-worker-1 929.4MiB / 1.5GiB 99.33%|fin-oom-api-1 1.204GiB / 7.749GiB 15.11%|
06:12:33	fin-oom-worker-1 929.5MiB / 1.5GiB 99.12%|fin-oom-api-1 1.204GiB / 7.749GiB 0.06%|
06:12:35	fin-oom-worker-1 929.1MiB / 1.5GiB 98.95%|fin-oom-api-1 1.204GiB / 7.749GiB 0.06%|
06:12:37	fin-oom-worker-1 929.2MiB / 1.5GiB 98.95%|fin-oom-api-1 1.204GiB / 7.749GiB 0.08%|
06:12:39	fin-oom-worker-1 929.3MiB / 1.5GiB 99.00%|fin-oom-api-1 1.204GiB / 7.749GiB 0.06%|
06:12:41	fin-oom-worker-1 929.2MiB / 1.5GiB 99.62%|fin-oom-api-1 1.204GiB / 7.749GiB 15.04%|
06:12:43	fin-oom-worker-1 929MiB / 1.5GiB 98.57%|fin-oom-api-1 1.204GiB / 7.749GiB 0.07%|
06:12:45	fin-oom-worker-1 929.2MiB / 1.5GiB 98.58%|fin-oom-api-1 1.204GiB / 7.749GiB 0.06%|
06:12:47	fin-oom-worker-1 929.2MiB / 1.5GiB 98.61%|fin-oom-api-1 1.204GiB / 7.749GiB 0.06%|
06:12:49	fin-oom-worker-1 928.9MiB / 1.5GiB 99.82%|fin-oom-api-1 1.204GiB / 7.749GiB 0.06%|
06:12:51	fin-oom-worker-1 928.9MiB / 1.5GiB 100.28%|fin-oom-api-1 1.204GiB / 7.749GiB 14.74%|
06:12:53	fin-oom-worker-1 929.2MiB / 1.5GiB 100.15%|fin-oom-api-1 1.204GiB / 7.749GiB 0.06%|
06:12:55	fin-oom-worker-1 929.2MiB / 1.5GiB 100.28%|fin-oom-api-1 1.204GiB / 7.749GiB 0.07%|
06:12:57	fin-oom-worker-1 928.9MiB / 1.5GiB 98.20%|fin-oom-api-1 1.204GiB / 7.749GiB 9.68%|
06:12:59	fin-oom-worker-1 929MiB / 1.5GiB 99.52%|fin-oom-api-1 1.204GiB / 7.749GiB 0.06%|
06:13:01	fin-oom-worker-1 929.3MiB / 1.5GiB 98.50%|fin-oom-api-1 1.204GiB / 7.749GiB 0.06%|
06:13:03	fin-oom-worker-1 929.4MiB / 1.5GiB 99.16%|fin-oom-api-1 1.204GiB / 7.749GiB 0.07%|
06:13:05	fin-oom-worker-1 929.3MiB / 1.5GiB 99.02%|fin-oom-api-1 1.204GiB / 7.749GiB 0.06%|
06:13:07	fin-oom-worker-1 929.2MiB / 1.5GiB 98.74%|fin-oom-api-1 1.204GiB / 7.749GiB 14.97%|
06:13:09	fin-oom-worker-1 895.2MiB / 1.5GiB 99.10%|fin-oom-api-1 1.204GiB / 7.749GiB 0.07%|
06:13:11	fin-oom-worker-1 929.5MiB / 1.5GiB 99.42%|fin-oom-api-1 1.204GiB / 7.749GiB 0.07%|
06:13:13	fin-oom-worker-1 929.3MiB / 1.5GiB 98.92%|fin-oom-api-1 1.204GiB / 7.749GiB 0.06%|
06:13:15	fin-oom-worker-1 928.9MiB / 1.5GiB 99.67%|fin-oom-api-1 1.204GiB / 7.749GiB 0.07%|
06:13:17	fin-oom-worker-1 928.9MiB / 1.5GiB 99.39%|fin-oom-api-1 1.204GiB / 7.749GiB 14.76%|
06:13:19	fin-oom-worker-1 929MiB / 1.5GiB 98.90%|fin-oom-api-1 1.204GiB / 7.749GiB 0.08%|
06:13:21	fin-oom-worker-1 899.3MiB / 1.5GiB 99.63%|fin-oom-api-1 1.204GiB / 7.749GiB 0.06%|
06:13:23	fin-oom-worker-1 929.5MiB / 1.5GiB 99.61%|fin-oom-api-1 1.204GiB / 7.749GiB 0.06%|
06:13:25	fin-oom-worker-1 929.3MiB / 1.5GiB 98.44%|fin-oom-api-1 1.204GiB / 7.749GiB 0.06%|
06:13:27	fin-oom-worker-1 929.2MiB / 1.5GiB 99.46%|fin-oom-api-1 1.204GiB / 7.749GiB 14.64%|
06:13:29	fin-oom-worker-1 928.9MiB / 1.5GiB 98.86%|fin-oom-api-1 1.204GiB / 7.749GiB 0.06%|
06:13:31	fin-oom-worker-1 929.3MiB / 1.5GiB 99.68%|fin-oom-api-1 1.204GiB / 7.749GiB 0.07%|
06:13:33	fin-oom-worker-1 929.4MiB / 1.5GiB 99.12%|fin-oom-api-1 1.204GiB / 7.749GiB 11.40%|
06:13:35	fin-oom-worker-1 929.2MiB / 1.5GiB 98.98%|fin-oom-api-1 1.204GiB / 7.749GiB 0.07%|
06:13:37	fin-oom-worker-1 929.1MiB / 1.5GiB 99.39%|fin-oom-api-1 1.204GiB / 7.749GiB 0.08%|
06:13:39	fin-oom-worker-1 929.1MiB / 1.5GiB 99.57%|fin-oom-api-1 1.204GiB / 7.749GiB 0.07%|
06:13:41	fin-oom-worker-1 929MiB / 1.5GiB 99.10%|fin-oom-api-1 1.204GiB / 7.749GiB 0.06%|
06:13:43	fin-oom-worker-1 929.3MiB / 1.5GiB 99.24%|fin-oom-api-1 1.204GiB / 7.749GiB 14.74%|
06:13:45	fin-oom-worker-1 929.3MiB / 1.5GiB 98.70%|fin-oom-api-1 1.204GiB / 7.749GiB 0.06%|
06:13:47	fin-oom-worker-1 929MiB / 1.5GiB 98.72%|fin-oom-api-1 1.204GiB / 7.749GiB 0.06%|
06:13:49	fin-oom-worker-1 929.3MiB / 1.5GiB 99.65%|fin-oom-api-1 1.204GiB / 7.749GiB 0.08%|
06:13:51	fin-oom-worker-1 929.2MiB / 1.5GiB 99.08%|fin-oom-api-1 1.204GiB / 7.749GiB 0.06%|
06:13:53	fin-oom-worker-1 929.2MiB / 1.5GiB 99.90%|fin-oom-api-1 1.204GiB / 7.749GiB 14.82%|
06:13:55	fin-oom-worker-1 929.3MiB / 1.5GiB 99.25%|fin-oom-api-1 1.204GiB / 7.749GiB 0.07%|
06:13:57	fin-oom-worker-1 928.9MiB / 1.5GiB 99.51%|fin-oom-api-1 1.204GiB / 7.749GiB 0.06%|
06:13:59	fin-oom-worker-1 929MiB / 1.5GiB 99.85%|fin-oom-api-1 1.204GiB / 7.749GiB 0.09%|
06:14:01	fin-oom-worker-1 928.9MiB / 1.5GiB 99.23%|fin-oom-api-1 1.204GiB / 7.749GiB 0.06%|
06:14:03	fin-oom-worker-1 929.2MiB / 1.5GiB 99.73%|fin-oom-api-1 1.216GiB / 7.749GiB 14.03%|
06:14:05	fin-oom-worker-1 929MiB / 1.5GiB 100.15%|fin-oom-api-1 1.204GiB / 7.749GiB 0.06%|
06:14:07	fin-oom-worker-1 929.2MiB / 1.5GiB 99.55%|fin-oom-api-1 1.204GiB / 7.749GiB 0.07%|
06:14:09	fin-oom-worker-1 929.2MiB / 1.5GiB 99.59%|fin-oom-api-1 1.204GiB / 7.749GiB 14.76%|
06:14:11	fin-oom-worker-1 929.2MiB / 1.5GiB 98.97%|fin-oom-api-1 1.204GiB / 7.749GiB 0.06%|
06:14:13	fin-oom-worker-1 929.4MiB / 1.5GiB 99.52%|fin-oom-api-1 1.204GiB / 7.749GiB 0.07%|
06:14:15	fin-oom-worker-1 929MiB / 1.5GiB 98.58%|fin-oom-api-1 1.204GiB / 7.749GiB 0.06%|
06:14:17	fin-oom-worker-1 929MiB / 1.5GiB 99.61%|fin-oom-api-1 1.204GiB / 7.749GiB 0.05%|
06:14:19	fin-oom-worker-1 928.9MiB / 1.5GiB 98.99%|fin-oom-api-1 1.204GiB / 7.749GiB 14.88%|
06:14:21	fin-oom-worker-1 929.2MiB / 1.5GiB 98.67%|fin-oom-api-1 1.204GiB / 7.749GiB 0.07%|
06:14:23	fin-oom-worker-1 929.4MiB / 1.5GiB 99.59%|fin-oom-api-1 1.204GiB / 7.749GiB 0.07%|
06:14:25	fin-oom-worker-1 929.1MiB / 1.5GiB 99.36%|fin-oom-api-1 1.204GiB / 7.749GiB 0.06%|
06:14:27	fin-oom-worker-1 928.8MiB / 1.5GiB 98.94%|fin-oom-api-1 1.204GiB / 7.749GiB 0.08%|
06:14:29	fin-oom-worker-1 929.5MiB / 1.5GiB 99.84%|fin-oom-api-1 1.204GiB / 7.749GiB 16.01%|
06:14:31	fin-oom-worker-1 929MiB / 1.5GiB 99.67%|fin-oom-api-1 1.204GiB / 7.749GiB 0.08%|
06:14:33	fin-oom-worker-1 929.2MiB / 1.5GiB 100.37%|fin-oom-api-1 1.204GiB / 7.749GiB 0.06%|
06:14:35	fin-oom-worker-1 928.9MiB / 1.5GiB 99.86%|fin-oom-api-1 1.204GiB / 7.749GiB 0.07%|
06:14:37	fin-oom-worker-1 929.2MiB / 1.5GiB 99.16%|fin-oom-api-1 1.204GiB / 7.749GiB 0.07%|
06:14:39	fin-oom-worker-1 929.1MiB / 1.5GiB 100.02%|fin-oom-api-1 1.215GiB / 7.749GiB 10.10%|
06:14:41	fin-oom-worker-1 929.1MiB / 1.5GiB 99.07%|fin-oom-api-1 1.204GiB / 7.749GiB 0.07%|
06:14:43	fin-oom-worker-1 928.9MiB / 1.5GiB 98.63%|fin-oom-api-1 1.204GiB / 7.749GiB 0.06%|
06:14:45	fin-oom-worker-1 929.2MiB / 1.5GiB 99.25%|fin-oom-api-1 1.204GiB / 7.749GiB 14.89%|
06:14:47	fin-oom-worker-1 929.2MiB / 1.5GiB 99.14%|fin-oom-api-1 1.204GiB / 7.749GiB 0.08%|
06:14:49	fin-oom-worker-1 928.9MiB / 1.5GiB 98.94%|fin-oom-api-1 1.204GiB / 7.749GiB 0.05%|
06:14:51	fin-oom-worker-1 929.2MiB / 1.5GiB 98.80%|fin-oom-api-1 1.204GiB / 7.749GiB 0.08%|
06:14:53	fin-oom-worker-1 928.8MiB / 1.5GiB 99.61%|fin-oom-api-1 1.204GiB / 7.749GiB 0.07%|
06:14:55	fin-oom-worker-1 929.2MiB / 1.5GiB 100.33%|fin-oom-api-1 1.204GiB / 7.749GiB 14.84%|
06:14:57	fin-oom-worker-1 929.4MiB / 1.5GiB 100.59%|fin-oom-api-1 1.204GiB / 7.749GiB 0.06%|
06:14:59	fin-oom-worker-1 929MiB / 1.5GiB 100.44%|fin-oom-api-1 1.204GiB / 7.749GiB 0.07%|
06:15:01	fin-oom-worker-1 929.1MiB / 1.5GiB 100.21%|fin-oom-api-1 1.204GiB / 7.749GiB 0.05%|
06:15:03	fin-oom-worker-1 929.2MiB / 1.5GiB 98.73%|fin-oom-api-1 1.204GiB / 7.749GiB 0.06%|
06:15:05	fin-oom-worker-1 929.1MiB / 1.5GiB 99.80%|fin-oom-api-1 1.204GiB / 7.749GiB 14.98%|
06:15:07	fin-oom-worker-1 929.5MiB / 1.5GiB 99.52%|fin-oom-api-1 1.204GiB / 7.749GiB 0.07%|
06:15:09	fin-oom-worker-1 929MiB / 1.5GiB 99.55%|fin-oom-api-1 1.204GiB / 7.749GiB 0.06%|
06:15:11	fin-oom-worker-1 929.2MiB / 1.5GiB 99.52%|fin-oom-api-1 1.204GiB / 7.749GiB 0.06%|
06:15:13	fin-oom-worker-1 929.5MiB / 1.5GiB 99.22%|fin-oom-api-1 1.204GiB / 7.749GiB 0.08%|
06:15:15	fin-oom-worker-1 929.3MiB / 1.5GiB 98.99%|fin-oom-api-1 1.213GiB / 7.749GiB 7.95%|
06:15:17	fin-oom-worker-1 929.2MiB / 1.5GiB 99.02%|fin-oom-api-1 1.204GiB / 7.749GiB 0.05%|
06:15:19	fin-oom-worker-1 929.2MiB / 1.5GiB 99.21%|fin-oom-api-1 1.204GiB / 7.749GiB 0.05%|
06:15:21	fin-oom-worker-1 929.1MiB / 1.5GiB 98.43%|fin-oom-api-1 1.204GiB / 7.749GiB 14.59%|
06:15:23	fin-oom-worker-1 929.1MiB / 1.5GiB 99.53%|fin-oom-api-1 1.204GiB / 7.749GiB 0.09%|
06:15:25	fin-oom-worker-1 929.2MiB / 1.5GiB 99.13%|fin-oom-api-1 1.204GiB / 7.749GiB 0.07%|
06:15:27	fin-oom-worker-1 929.4MiB / 1.5GiB 99.34%|fin-oom-api-1 1.204GiB / 7.749GiB 0.06%|
06:15:29	fin-oom-worker-1 929.1MiB / 1.5GiB 99.98%|fin-oom-api-1 1.204GiB / 7.749GiB 0.05%|
06:15:31	fin-oom-worker-1 929.3MiB / 1.5GiB 100.31%|fin-oom-api-1 1.204GiB / 7.749GiB 14.85%|
06:15:33	fin-oom-worker-1 929.1MiB / 1.5GiB 99.63%|fin-oom-api-1 1.204GiB / 7.749GiB 0.08%|
06:15:35	fin-oom-worker-1 929.1MiB / 1.5GiB 99.90%|fin-oom-api-1 1.204GiB / 7.749GiB 0.07%|
06:15:37	fin-oom-worker-1 929.2MiB / 1.5GiB 98.70%|fin-oom-api-1 1.204GiB / 7.749GiB 0.05%|
06:15:39	fin-oom-worker-1 894.9MiB / 1.5GiB 0.68%|fin-oom-api-1 1.204GiB / 7.749GiB 0.21%|
