22:54:20	judge-recheck-caddy-1	30.05MiB / 256MiB	0.17%
22:54:20	judge-recheck-worker-1	906MiB / 1.5GiB	0.06%
22:54:20	judge-recheck-api-1	1.308GiB / 2.5GiB	0.61%
22:54:20	judge-recheck-db-1	110.1MiB / 2GiB	0.05%
22:54:22	judge-recheck-caddy-1	30.31MiB / 256MiB	1.59%
22:54:22	judge-recheck-worker-1	906MiB / 1.5GiB	0.21%
22:54:22	judge-recheck-api-1	1.308GiB / 2.5GiB	0.34%
22:54:22	judge-recheck-db-1	110.2MiB / 2GiB	2.37%
22:54:24	judge-recheck-caddy-1	55.74MiB / 256MiB	10.93%
22:54:24	judge-recheck-worker-1	906MiB / 1.5GiB	0.12%
22:54:24	judge-recheck-api-1	1.31GiB / 2.5GiB	5.14%
22:54:24	judge-recheck-db-1	109.6MiB / 2GiB	0.05%
22:54:27	judge-recheck-caddy-1	56.04MiB / 256MiB	0.13%
22:54:27	judge-recheck-worker-1	906.2MiB / 1.5GiB	0.16%
22:54:27	judge-recheck-api-1	1.311GiB / 2.5GiB	0.30%
22:54:27	judge-recheck-db-1	109.8MiB / 2GiB	2.61%
22:54:29	judge-recheck-caddy-1	55.74MiB / 256MiB	0.14%
22:54:29	judge-recheck-worker-1	906.5MiB / 1.5GiB	0.23%
22:54:29	judge-recheck-api-1	1.311GiB / 2.5GiB	0.33%
22:54:29	judge-recheck-db-1	110MiB / 2GiB	0.11%
22:54:31	judge-recheck-caddy-1	56.04MiB / 256MiB	1.35%
22:54:31	judge-recheck-worker-1	906.5MiB / 1.5GiB	0.23%
22:54:31	judge-recheck-api-1	1.311GiB / 2.5GiB	0.28%
22:54:31	judge-recheck-db-1	109.6MiB / 2GiB	0.12%
22:54:33	judge-recheck-caddy-1	55.67MiB / 256MiB	0.15%
22:54:33	judge-recheck-worker-1	906.5MiB / 1.5GiB	0.22%
22:54:33	judge-recheck-api-1	1.311GiB / 2.5GiB	15.46%
22:54:33	judge-recheck-db-1	110.3MiB / 2GiB	0.39%
22:54:35	judge-recheck-caddy-1	56.07MiB / 256MiB	5.11%
22:54:35	judge-recheck-worker-1	906.2MiB / 1.5GiB	0.30%
22:54:35	judge-recheck-api-1	1.441GiB / 2.5GiB	17.79%
22:54:35	judge-recheck-db-1	110MiB / 2GiB	0.24%
22:54:37	judge-recheck-caddy-1	55.99MiB / 256MiB	0.05%
22:54:37	judge-recheck-worker-1	906MiB / 1.5GiB	0.06%
22:54:37	judge-recheck-api-1	1.481GiB / 2.5GiB	72.06%
22:54:37	judge-recheck-db-1	131.2MiB / 2GiB	29.85%
22:54:39	judge-recheck-caddy-1	56.13MiB / 256MiB	0.11%
22:54:39	judge-recheck-worker-1	906.6MiB / 1.5GiB	53.93%
22:54:39	judge-recheck-api-1	1.337GiB / 2.5GiB	0.35%
22:54:39	judge-recheck-db-1	130.8MiB / 2GiB	1.22%
22:54:41	judge-recheck-caddy-1	59.36MiB / 256MiB	4.55%
22:54:41	judge-recheck-worker-1	906.3MiB / 1.5GiB	0.05%
22:54:41	judge-recheck-api-1	1.337GiB / 2.5GiB	1.12%
22:54:41	judge-recheck-db-1	130.6MiB / 2GiB	2.57%
22:54:43	judge-recheck-caddy-1	59.45MiB / 256MiB	0.14%
22:54:43	judge-recheck-worker-1	906.1MiB / 1.5GiB	0.05%
22:54:43	judge-recheck-api-1	1.337GiB / 2.5GiB	15.80%
22:54:43	judge-recheck-db-1	130.6MiB / 2GiB	0.76%
22:54:45	judge-recheck-caddy-1	59.45MiB / 256MiB	0.11%
22:54:45	judge-recheck-worker-1	906MiB / 1.5GiB	0.10%
22:54:45	judge-recheck-api-1	1.337GiB / 2.5GiB	0.37%
22:54:45	judge-recheck-db-1	130.7MiB / 2GiB	0.10%
22:54:47	judge-recheck-caddy-1	59.3MiB / 256MiB	0.18%
22:54:47	judge-recheck-worker-1	906.6MiB / 1.5GiB	0.06%
22:54:47	judge-recheck-api-1	1.337GiB / 2.5GiB	0.62%
22:54:47	judge-recheck-db-1	130.6MiB / 2GiB	0.04%
22:54:49	judge-recheck-caddy-1	59.29MiB / 256MiB	0.18%
22:54:49	judge-recheck-worker-1	906.6MiB / 1.5GiB	0.24%
22:54:49	judge-recheck-api-1	1.338GiB / 2.5GiB	0.65%
22:54:49	judge-recheck-db-1	130.6MiB / 2GiB	0.11%
22:54:51	judge-recheck-caddy-1	59.71MiB / 256MiB	1.36%
22:54:51	judge-recheck-worker-1	906.6MiB / 1.5GiB	0.21%
22:54:51	judge-recheck-api-1	1.338GiB / 2.5GiB	0.52%
22:54:51	judge-recheck-db-1	131MiB / 2GiB	2.68%
22:54:53	judge-recheck-caddy-1	59.34MiB / 256MiB	1.73%
22:54:53	judge-recheck-worker-1	906MiB / 1.5GiB	0.09%
22:54:53	judge-recheck-api-1	1.338GiB / 2.5GiB	17.14%
22:54:53	judge-recheck-db-1	130.8MiB / 2GiB	0.34%
22:54:55	judge-recheck-caddy-1	59.33MiB / 256MiB	0.12%
22:54:55	judge-recheck-worker-1	906.2MiB / 1.5GiB	0.37%
22:54:55	judge-recheck-api-1	1.338GiB / 2.5GiB	0.39%
22:54:55	judge-recheck-db-1	131MiB / 2GiB	0.17%
22:54:57	judge-recheck-caddy-1	59.14MiB / 256MiB	0.15%
22:54:57	judge-recheck-worker-1	906.5MiB / 1.5GiB	1.33%
22:54:57	judge-recheck-api-1	1.338GiB / 2.5GiB	0.59%
22:54:57	judge-recheck-db-1	130.6MiB / 2GiB	0.10%
22:54:59	judge-recheck-caddy-1	59.39MiB / 256MiB	0.20%
22:54:59	judge-recheck-worker-1	906.5MiB / 1.5GiB	0.23%
22:54:59	judge-recheck-api-1	1.338GiB / 2.5GiB	0.67%
22:54:59	judge-recheck-db-1	130.6MiB / 2GiB	0.09%
22:55:01	judge-recheck-caddy-1	59.61MiB / 256MiB	0.99%
22:55:01	judge-recheck-worker-1	906.2MiB / 1.5GiB	0.20%
22:55:01	judge-recheck-api-1	1.338GiB / 2.5GiB	0.52%
22:55:01	judge-recheck-db-1	131MiB / 2GiB	2.62%
22:55:03	judge-recheck-caddy-1	59.09MiB / 256MiB	0.10%
22:55:03	judge-recheck-worker-1	906.5MiB / 1.5GiB	0.05%
22:55:03	judge-recheck-api-1	1.339GiB / 2.5GiB	16.11%
22:55:03	judge-recheck-db-1	130.8MiB / 2GiB	0.76%
22:55:05	judge-recheck-caddy-1	59.34MiB / 256MiB	0.16%
22:55:05	judge-recheck-worker-1	906.5MiB / 1.5GiB	0.30%
22:55:05	judge-recheck-api-1	1.339GiB / 2.5GiB	0.52%
22:55:05	judge-recheck-db-1	130.9MiB / 2GiB	0.13%
22:55:07	judge-recheck-caddy-1	59.33MiB / 256MiB	0.12%
22:55:07	judge-recheck-worker-1	906.2MiB / 1.5GiB	0.20%
22:55:07	judge-recheck-api-1	1.338GiB / 2.5GiB	0.54%
22:55:07	judge-recheck-db-1	130.5MiB / 2GiB	0.08%
22:55:10	judge-recheck-caddy-1	59.33MiB / 256MiB	0.17%
22:55:10	judge-recheck-worker-1	906MiB / 1.5GiB	0.29%
22:55:10	judge-recheck-api-1	1.339GiB / 2.5GiB	0.54%
22:55:10	judge-recheck-db-1	130.5MiB / 2GiB	0.09%
22:55:12	judge-recheck-caddy-1	59.51MiB / 256MiB	0.93%
22:55:12	judge-recheck-worker-1	906MiB / 1.5GiB	0.05%
22:55:12	judge-recheck-api-1	1.339GiB / 2.5GiB	0.36%
22:55:12	judge-recheck-db-1	130.7MiB / 2GiB	2.65%
22:55:14	judge-recheck-caddy-1	59.38MiB / 256MiB	0.17%
22:55:14	judge-recheck-worker-1	906.2MiB / 1.5GiB	0.12%
22:55:14	judge-recheck-api-1	1.339GiB / 2.5GiB	16.77%
22:55:14	judge-recheck-db-1	130.8MiB / 2GiB	0.36%
22:55:16	judge-recheck-caddy-1	59.05MiB / 256MiB	0.10%
22:55:16	judge-recheck-worker-1	906.5MiB / 1.5GiB	6.92%
22:55:16	judge-recheck-api-1	1.339GiB / 2.5GiB	0.45%
22:55:16	judge-recheck-db-1	130.7MiB / 2GiB	0.07%
22:55:18	judge-recheck-caddy-1	59.11MiB / 256MiB	0.13%
22:55:18	judge-recheck-worker-1	906.5MiB / 1.5GiB	0.21%
22:55:18	judge-recheck-api-1	1.34GiB / 2.5GiB	0.59%
22:55:18	judge-recheck-db-1	130.8MiB / 2GiB	0.08%
22:55:20	judge-recheck-caddy-1	59.26MiB / 256MiB	0.13%
22:55:20	judge-recheck-worker-1	906.4MiB / 1.5GiB	0.22%
22:55:20	judge-recheck-api-1	1.34GiB / 2.5GiB	0.56%
22:55:20	judge-recheck-db-1	130.8MiB / 2GiB	0.09%
22:55:22	judge-recheck-caddy-1	59.36MiB / 256MiB	2.31%
22:55:22	judge-recheck-worker-1	906.2MiB / 1.5GiB	0.12%
22:55:22	judge-recheck-api-1	1.339GiB / 2.5GiB	1.57%
22:55:22	judge-recheck-db-1	130.7MiB / 2GiB	2.33%
22:55:24	judge-recheck-caddy-1	59.07MiB / 256MiB	0.10%
22:55:24	judge-recheck-worker-1	906.2MiB / 1.5GiB	0.28%
22:55:24	judge-recheck-api-1	1.34GiB / 2.5GiB	16.00%
22:55:24	judge-recheck-db-1	130.9MiB / 2GiB	0.39%
22:55:26	judge-recheck-caddy-1	59.11MiB / 256MiB	2.79%
22:55:26	judge-recheck-worker-1	906.2MiB / 1.5GiB	0.21%
22:55:26	judge-recheck-api-1	1.303GiB / 2.5GiB	5.67%
22:55:26	judge-recheck-db-1	130.6MiB / 2GiB	0.07%
22:55:28	judge-recheck-caddy-1	59.61MiB / 256MiB	0.18%
22:55:28	judge-recheck-worker-1	906.2MiB / 1.5GiB	0.15%
22:55:28	judge-recheck-api-1	1.303GiB / 2.5GiB	0.66%
22:55:28	judge-recheck-db-1	130.6MiB / 2GiB	0.06%
22:55:30	judge-recheck-caddy-1	59.61MiB / 256MiB	0.16%
22:55:30	judge-recheck-worker-1	906.2MiB / 1.5GiB	0.11%
22:55:30	judge-recheck-api-1	1.303GiB / 2.5GiB	0.63%
22:55:30	judge-recheck-db-1	130.4MiB / 2GiB	0.04%
22:55:32	judge-recheck-caddy-1	59.44MiB / 256MiB	0.16%
22:55:32	judge-recheck-worker-1	906.2MiB / 1.5GiB	0.19%
22:55:32	judge-recheck-api-1	1.303GiB / 2.5GiB	0.51%
22:55:32	judge-recheck-db-1	130.9MiB / 2GiB	2.37%
22:55:34	judge-recheck-caddy-1	59.44MiB / 256MiB	0.16%
22:55:34	judge-recheck-worker-1	906.5MiB / 1.5GiB	0.23%
22:55:34	judge-recheck-api-1	1.303GiB / 2.5GiB	16.69%
22:55:34	judge-recheck-db-1	130.9MiB / 2GiB	0.37%
22:55:36	judge-recheck-caddy-1	59.67MiB / 256MiB	0.15%
22:55:36	judge-recheck-worker-1	906.5MiB / 1.5GiB	0.22%
22:55:36	judge-recheck-api-1	1.304GiB / 2.5GiB	0.57%
22:55:36	judge-recheck-db-1	130.9MiB / 2GiB	0.08%
22:55:38	judge-recheck-caddy-1	59.41MiB / 256MiB	0.11%
22:55:38	judge-recheck-worker-1	906.5MiB / 1.5GiB	0.28%
22:55:38	judge-recheck-api-1	1.304GiB / 2.5GiB	0.48%
22:55:38	judge-recheck-db-1	130.7MiB / 2GiB	0.10%
22:55:40	judge-recheck-caddy-1	59.36MiB / 256MiB	0.20%
22:55:40	judge-recheck-worker-1	906.2MiB / 1.5GiB	0.21%
22:55:40	judge-recheck-api-1	1.304GiB / 2.5GiB	0.60%
22:55:40	judge-recheck-db-1	130.8MiB / 2GiB	0.09%
22:55:42	judge-recheck-caddy-1	59.18MiB / 256MiB	0.12%
22:55:42	judge-recheck-worker-1	906.5MiB / 1.5GiB	0.09%
22:55:42	judge-recheck-api-1	1.304GiB / 2.5GiB	0.38%
22:55:42	judge-recheck-db-1	130.8MiB / 2GiB	2.77%
22:55:44	judge-recheck-caddy-1	59.18MiB / 256MiB	0.13%
22:55:44	judge-recheck-worker-1	906.5MiB / 1.5GiB	0.19%
22:55:44	judge-recheck-api-1	1.304GiB / 2.5GiB	16.31%
22:55:44	judge-recheck-db-1	130.7MiB / 2GiB	0.37%
22:55:46	judge-recheck-caddy-1	59.51MiB / 256MiB	0.14%
22:55:46	judge-recheck-worker-1	906.6MiB / 1.5GiB	6.97%
22:55:46	judge-recheck-api-1	1.304GiB / 2.5GiB	0.50%
22:55:46	judge-recheck-db-1	130.8MiB / 2GiB	0.07%
22:55:48	judge-recheck-caddy-1	59.34MiB / 256MiB	0.15%
22:55:48	judge-recheck-worker-1	906.5MiB / 1.5GiB	0.19%
22:55:48	judge-recheck-api-1	1.304GiB / 2.5GiB	0.47%
22:55:48	judge-recheck-db-1	130.8MiB / 2GiB	0.06%
22:55:50	judge-recheck-caddy-1	60.27MiB / 256MiB	1.88%
22:55:50	judge-recheck-worker-1	906MiB / 1.5GiB	0.21%
22:55:50	judge-recheck-api-1	1.304GiB / 2.5GiB	0.49%
22:55:50	judge-recheck-db-1	130.3MiB / 2GiB	0.08%
22:55:52	judge-recheck-caddy-1	60.16MiB / 256MiB	0.16%
22:55:52	judge-recheck-worker-1	906MiB / 1.5GiB	0.05%
22:55:52	judge-recheck-api-1	1.305GiB / 2.5GiB	0.37%
22:55:52	judge-recheck-db-1	130.5MiB / 2GiB	0.02%
22:55:54	judge-recheck-caddy-1	60.09MiB / 256MiB	0.13%
22:55:54	judge-recheck-worker-1	906MiB / 1.5GiB	0.05%
22:55:54	judge-recheck-api-1	1.304GiB / 2.5GiB	16.48%
22:55:54	judge-recheck-db-1	131MiB / 2GiB	0.35%
22:55:56	judge-recheck-caddy-1	60.16MiB / 256MiB	0.18%
22:55:56	judge-recheck-worker-1	906.2MiB / 1.5GiB	0.62%
22:55:56	judge-recheck-api-1	1.305GiB / 2.5GiB	0.59%
22:55:56	judge-recheck-db-1	130.8MiB / 2GiB	2.78%
22:55:58	judge-recheck-caddy-1	60.03MiB / 256MiB	0.13%
22:55:58	judge-recheck-worker-1	906.2MiB / 1.5GiB	0.16%
22:55:58	judge-recheck-api-1	1.305GiB / 2.5GiB	0.53%
22:55:58	judge-recheck-db-1	130.9MiB / 2GiB	0.06%
22:56:01	judge-recheck-caddy-1	60.03MiB / 256MiB	0.19%
22:56:01	judge-recheck-worker-1	906.2MiB / 1.5GiB	0.09%
22:56:01	judge-recheck-api-1	1.305GiB / 2.5GiB	0.64%
22:56:01	judge-recheck-db-1	130.9MiB / 2GiB	0.04%
22:56:03	judge-recheck-caddy-1	59.83MiB / 256MiB	0.12%
22:56:03	judge-recheck-worker-1	906.2MiB / 1.5GiB	0.05%
22:56:03	judge-recheck-api-1	1.305GiB / 2.5GiB	0.46%
22:56:03	judge-recheck-db-1	130.6MiB / 2GiB	0.25%
22:56:05	judge-recheck-caddy-1	60.29MiB / 256MiB	0.14%
22:56:05	judge-recheck-worker-1	906.2MiB / 1.5GiB	0.05%
22:56:05	judge-recheck-api-1	1.305GiB / 2.5GiB	16.72%
22:56:05	judge-recheck-db-1	130.5MiB / 2GiB	0.30%
22:56:07	judge-recheck-caddy-1	60.12MiB / 256MiB	0.11%
22:56:07	judge-recheck-worker-1	906.2MiB / 1.5GiB	0.05%
22:56:07	judge-recheck-api-1	1.306GiB / 2.5GiB	0.46%
22:56:07	judge-recheck-db-1	131MiB / 2GiB	2.61%
22:56:09	judge-recheck-caddy-1	60.37MiB / 256MiB	0.17%
22:56:09	judge-recheck-worker-1	906.2MiB / 1.5GiB	0.12%
22:56:09	judge-recheck-api-1	1.305GiB / 2.5GiB	0.58%
22:56:09	judge-recheck-db-1	131MiB / 2GiB	0.05%
22:56:11	judge-recheck-caddy-1	60.36MiB / 256MiB	0.17%
22:56:11	judge-recheck-worker-1	906.2MiB / 1.5GiB	0.20%
22:56:11	judge-recheck-api-1	1.306GiB / 2.5GiB	0.59%
22:56:11	judge-recheck-db-1	131MiB / 2GiB	0.06%
22:56:13	judge-recheck-caddy-1	59.99MiB / 256MiB	0.11%
22:56:13	judge-recheck-worker-1	906.5MiB / 1.5GiB	0.19%
22:56:13	judge-recheck-api-1	1.306GiB / 2.5GiB	0.44%
22:56:13	judge-recheck-db-1	130.7MiB / 2GiB	0.07%
22:56:15	judge-recheck-caddy-1	60.12MiB / 256MiB	0.18%
22:56:15	judge-recheck-worker-1	906.2MiB / 1.5GiB	0.19%
22:56:15	judge-recheck-api-1	1.306GiB / 2.5GiB	16.71%
22:56:15	judge-recheck-db-1	130.6MiB / 2GiB	0.41%
22:56:17	judge-recheck-caddy-1	60.05MiB / 256MiB	0.10%
22:56:17	judge-recheck-worker-1	906.4MiB / 1.5GiB	0.23%
22:56:17	judge-recheck-api-1	1.306GiB / 2.5GiB	0.42%
22:56:17	judge-recheck-db-1	131MiB / 2GiB	2.91%
22:56:19	judge-recheck-caddy-1	59.83MiB / 256MiB	0.14%
22:56:19	judge-recheck-worker-1	906.1MiB / 1.5GiB	0.05%
22:56:19	judge-recheck-api-1	1.306GiB / 2.5GiB	0.49%
22:56:19	judge-recheck-db-1	130.8MiB / 2GiB	0.02%
22:56:21	judge-recheck-caddy-1	60.08MiB / 256MiB	0.17%
22:56:21	judge-recheck-worker-1	906.1MiB / 1.5GiB	0.20%
22:56:21	judge-recheck-api-1	1.306GiB / 2.5GiB	0.71%
22:56:21	judge-recheck-db-1	130.8MiB / 2GiB	0.08%
22:56:23	judge-recheck-caddy-1	60.07MiB / 256MiB	0.20%
22:56:23	judge-recheck-worker-1	906.1MiB / 1.5GiB	0.13%
22:56:23	judge-recheck-api-1	1.306GiB / 2.5GiB	0.67%
22:56:23	judge-recheck-db-1	130.6MiB / 2GiB	0.68%
22:56:25	judge-recheck-caddy-1	60.07MiB / 256MiB	0.15%
22:56:25	judge-recheck-worker-1	906.1MiB / 1.5GiB	0.21%
22:56:25	judge-recheck-api-1	1.306GiB / 2.5GiB	16.46%
22:56:25	judge-recheck-db-1	130.7MiB / 2GiB	0.38%
22:56:27	judge-recheck-caddy-1	60.09MiB / 256MiB	0.13%
22:56:27	judge-recheck-worker-1	906.3MiB / 1.5GiB	0.23%
22:56:27	judge-recheck-api-1	1.307GiB / 2.5GiB	0.50%
22:56:27	judge-recheck-db-1	130.7MiB / 2GiB	2.88%
22:56:29	judge-recheck-caddy-1	59.95MiB / 256MiB	0.10%
22:56:29	judge-recheck-worker-1	906.3MiB / 1.5GiB	0.22%
22:56:29	judge-recheck-api-1	1.307GiB / 2.5GiB	0.41%
22:56:29	judge-recheck-db-1	130.8MiB / 2GiB	0.07%
22:56:31	judge-recheck-caddy-1	60.35MiB / 256MiB	1.26%
22:56:31	judge-recheck-worker-1	906.6MiB / 1.5GiB	0.19%
22:56:31	judge-recheck-api-1	1.307GiB / 2.5GiB	0.51%
22:56:31	judge-recheck-db-1	130.8MiB / 2GiB	0.07%
22:56:33	judge-recheck-caddy-1	60.05MiB / 256MiB	0.15%
22:56:33	judge-recheck-worker-1	906.6MiB / 1.5GiB	0.13%
22:56:33	judge-recheck-api-1	1.307GiB / 2.5GiB	0.56%
22:56:33	judge-recheck-db-1	130.8MiB / 2GiB	0.04%
22:56:35	judge-recheck-caddy-1	60.08MiB / 256MiB	0.11%
22:56:35	judge-recheck-worker-1	906.5MiB / 1.5GiB	0.13%
22:56:35	judge-recheck-api-1	1.307GiB / 2.5GiB	16.42%
22:56:35	judge-recheck-db-1	130.9MiB / 2GiB	0.39%
22:56:37	judge-recheck-caddy-1	60.08MiB / 256MiB	0.17%
22:56:37	judge-recheck-worker-1	906.5MiB / 1.5GiB	0.22%
22:56:37	judge-recheck-api-1	1.307GiB / 2.5GiB	0.70%
22:56:37	judge-recheck-db-1	130.9MiB / 2GiB	2.75%
22:56:39	judge-recheck-caddy-1	60.07MiB / 256MiB	0.08%
22:56:39	judge-recheck-worker-1	906.5MiB / 1.5GiB	0.12%
22:56:39	judge-recheck-api-1	1.307GiB / 2.5GiB	0.37%
22:56:39	judge-recheck-db-1	131.1MiB / 2GiB	0.14%
22:56:41	judge-recheck-caddy-1	48.58MiB / 256MiB	2.10%
22:56:41	judge-recheck-worker-1	906.5MiB / 1.5GiB	0.21%
22:56:41	judge-recheck-api-1	1.308GiB / 2.5GiB	0.50%
22:56:41	judge-recheck-db-1	131MiB / 2GiB	0.19%
22:56:43	judge-recheck-caddy-1	48.25MiB / 256MiB	0.15%
22:56:43	judge-recheck-worker-1	906.5MiB / 1.5GiB	0.20%
22:56:43	judge-recheck-api-1	1.308GiB / 2.5GiB	0.56%
22:56:43	judge-recheck-db-1	130.6MiB / 2GiB	0.86%
22:56:45	judge-recheck-caddy-1	52.18MiB / 256MiB	0.49%
22:56:45	judge-recheck-worker-1	906.5MiB / 1.5GiB	0.30%
22:56:45	judge-recheck-api-1	1.308GiB / 2.5GiB	16.17%
22:56:45	judge-recheck-db-1	130.8MiB / 2GiB	0.52%
22:56:47	judge-recheck-caddy-1	52.23MiB / 256MiB	0.15%
22:56:47	judge-recheck-worker-1	906.4MiB / 1.5GiB	0.23%
22:56:47	judge-recheck-api-1	1.308GiB / 2.5GiB	0.57%
22:56:47	judge-recheck-db-1	130.8MiB / 2GiB	2.94%
22:56:49	judge-recheck-caddy-1	52.47MiB / 256MiB	0.16%
22:56:49	judge-recheck-worker-1	906.2MiB / 1.5GiB	0.14%
22:56:49	judge-recheck-api-1	1.308GiB / 2.5GiB	0.60%
22:56:49	judge-recheck-db-1	130.7MiB / 2GiB	0.17%
22:56:51	judge-recheck-caddy-1	52.48MiB / 256MiB	1.26%
22:56:51	judge-recheck-worker-1	906.2MiB / 1.5GiB	0.29%
22:56:51	judge-recheck-api-1	1.308GiB / 2.5GiB	0.63%
22:56:51	judge-recheck-db-1	130.6MiB / 2GiB	0.24%
22:56:53	judge-recheck-caddy-1	52.45MiB / 256MiB	0.18%
22:56:53	judge-recheck-worker-1	906.2MiB / 1.5GiB	0.19%
22:56:53	judge-recheck-api-1	1.308GiB / 2.5GiB	0.58%
22:56:53	judge-recheck-db-1	130.7MiB / 2GiB	0.17%
22:56:55	judge-recheck-caddy-1	52.54MiB / 256MiB	0.16%
22:56:55	judge-recheck-worker-1	906.2MiB / 1.5GiB	0.27%
22:56:55	judge-recheck-api-1	1.308GiB / 2.5GiB	16.47%
22:56:55	judge-recheck-db-1	130.8MiB / 2GiB	0.52%
22:56:57	judge-recheck-caddy-1	52.72MiB / 256MiB	1.39%
22:56:57	judge-recheck-worker-1	906.2MiB / 1.5GiB	0.20%
22:56:57	judge-recheck-api-1	1.309GiB / 2.5GiB	0.93%
22:56:57	judge-recheck-db-1	130.7MiB / 2GiB	3.23%
22:56:59	judge-recheck-caddy-1	52.46MiB / 256MiB	0.10%
22:56:59	judge-recheck-worker-1	906.2MiB / 1.5GiB	0.05%
22:56:59	judge-recheck-api-1	1.309GiB / 2.5GiB	0.37%
22:56:59	judge-recheck-db-1	130.9MiB / 2GiB	0.04%
22:57:01	judge-recheck-caddy-1	52.58MiB / 256MiB	1.01%
22:57:01	judge-recheck-worker-1	906.2MiB / 1.5GiB	0.22%
22:57:01	judge-recheck-api-1	1.309GiB / 2.5GiB	0.57%
22:57:01	judge-recheck-db-1	130.6MiB / 2GiB	0.10%
22:57:03	judge-recheck-caddy-1	52.23MiB / 256MiB	0.16%
22:57:03	judge-recheck-worker-1	906.2MiB / 1.5GiB	0.23%
22:57:03	judge-recheck-api-1	1.309GiB / 2.5GiB	0.64%
22:57:03	judge-recheck-db-1	130.8MiB / 2GiB	0.10%
22:57:06	judge-recheck-caddy-1	52.52MiB / 256MiB	0.12%
22:57:06	judge-recheck-worker-1	906.5MiB / 1.5GiB	0.27%
22:57:06	judge-recheck-api-1	1.309GiB / 2.5GiB	17.51%
22:57:06	judge-recheck-db-1	131MiB / 2GiB	0.46%
22:57:08	judge-recheck-caddy-1	52.34MiB / 256MiB	0.16%
22:57:08	judge-recheck-worker-1	906.5MiB / 1.5GiB	0.22%
22:57:08	judge-recheck-api-1	1.309GiB / 2.5GiB	0.57%
22:57:08	judge-recheck-db-1	130.5MiB / 2GiB	2.65%
22:57:10	judge-recheck-caddy-1	52.5MiB / 256MiB	0.15%
22:57:10	judge-recheck-worker-1	906.5MiB / 1.5GiB	0.22%
22:57:10	judge-recheck-api-1	1.309GiB / 2.5GiB	0.49%
22:57:10	judge-recheck-db-1	130.3MiB / 2GiB	0.10%
22:57:12	judge-recheck-caddy-1	52.71MiB / 256MiB	1.29%
22:57:12	judge-recheck-worker-1	906.5MiB / 1.5GiB	0.04%
22:57:12	judge-recheck-api-1	1.31GiB / 2.5GiB	0.48%
22:57:12	judge-recheck-db-1	130.6MiB / 2GiB	0.02%
22:57:14	judge-recheck-caddy-1	52.52MiB / 256MiB	0.13%
22:57:14	judge-recheck-worker-1	906.5MiB / 1.5GiB	0.22%
22:57:14	judge-recheck-api-1	1.31GiB / 2.5GiB	0.49%
22:57:14	judge-recheck-db-1	131.1MiB / 2GiB	0.08%
22:57:16	judge-recheck-caddy-1	52.42MiB / 256MiB	0.11%
22:57:16	judge-recheck-worker-1	906.2MiB / 1.5GiB	0.09%
22:57:16	judge-recheck-api-1	1.31GiB / 2.5GiB	16.65%
22:57:16	judge-recheck-db-1	131.1MiB / 2GiB	0.37%
22:57:18	judge-recheck-caddy-1	52.11MiB / 256MiB	0.12%
22:57:18	judge-recheck-worker-1	906.4MiB / 1.5GiB	0.21%
22:57:18	judge-recheck-api-1	1.31GiB / 2.5GiB	0.48%
22:57:18	judge-recheck-db-1	131MiB / 2GiB	2.64%
22:57:20	judge-recheck-caddy-1	52.14MiB / 256MiB	0.19%
22:57:20	judge-recheck-worker-1	906.4MiB / 1.5GiB	0.12%
22:57:20	judge-recheck-api-1	1.31GiB / 2.5GiB	0.66%
22:57:20	judge-recheck-db-1	131.2MiB / 2GiB	0.04%
22:57:22	judge-recheck-caddy-1	52.57MiB / 256MiB	1.17%
22:57:22	judge-recheck-worker-1	906.2MiB / 1.5GiB	0.05%
22:57:22	judge-recheck-api-1	1.31GiB / 2.5GiB	0.62%
22:57:22	judge-recheck-db-1	130.9MiB / 2GiB	0.02%
22:57:24	judge-recheck-caddy-1	52.31MiB / 256MiB	0.13%
22:57:24	judge-recheck-worker-1	906.2MiB / 1.5GiB	0.05%
22:57:24	judge-recheck-api-1	1.31GiB / 2.5GiB	0.44%
22:57:24	judge-recheck-db-1	130.9MiB / 2GiB	0.02%
22:57:26	judge-recheck-caddy-1	52.25MiB / 256MiB	0.13%
22:57:26	judge-recheck-worker-1	906.5MiB / 1.5GiB	0.09%
22:57:26	judge-recheck-api-1	1.31GiB / 2.5GiB	16.51%
22:57:26	judge-recheck-db-1	131.2MiB / 2GiB	0.36%
22:57:28	judge-recheck-caddy-1	52.25MiB / 256MiB	0.08%
22:57:28	judge-recheck-worker-1	906.5MiB / 1.5GiB	0.19%
22:57:28	judge-recheck-api-1	1.311GiB / 2.5GiB	0.35%
22:57:28	judge-recheck-db-1	131MiB / 2GiB	2.84%
22:57:30	judge-recheck-caddy-1	52.5MiB / 256MiB	0.21%
22:57:30	judge-recheck-worker-1	906.2MiB / 1.5GiB	0.23%
22:57:30	judge-recheck-api-1	1.311GiB / 2.5GiB	0.73%
22:57:30	judge-recheck-db-1	131MiB / 2GiB	0.08%
22:57:32	judge-recheck-caddy-1	52.18MiB / 256MiB	1.24%
22:57:32	judge-recheck-worker-1	906MiB / 1.5GiB	0.17%
22:57:32	judge-recheck-api-1	1.31GiB / 2.5GiB	0.82%
22:57:32	judge-recheck-db-1	130.3MiB / 2GiB	0.05%
22:57:34	judge-recheck-caddy-1	52.29MiB / 256MiB	0.23%
22:57:34	judge-recheck-worker-1	906.2MiB / 1.5GiB	0.12%
22:57:34	judge-recheck-api-1	1.311GiB / 2.5GiB	0.75%
22:57:34	judge-recheck-db-1	130.8MiB / 2GiB	0.04%
22:57:36	judge-recheck-caddy-1	52.29MiB / 256MiB	0.09%
22:57:36	judge-recheck-worker-1	906.2MiB / 1.5GiB	0.08%
22:57:36	judge-recheck-api-1	1.311GiB / 2.5GiB	16.41%
22:57:36	judge-recheck-db-1	131.1MiB / 2GiB	0.37%
22:57:38	judge-recheck-caddy-1	52.29MiB / 256MiB	0.16%
22:57:38	judge-recheck-worker-1	906.2MiB / 1.5GiB	0.22%
22:57:38	judge-recheck-api-1	1.311GiB / 2.5GiB	0.57%
22:57:38	judge-recheck-db-1	130.7MiB / 2GiB	2.83%
22:57:40	judge-recheck-caddy-1	52.79MiB / 256MiB	0.13%
22:57:40	judge-recheck-worker-1	906.2MiB / 1.5GiB	0.20%
22:57:40	judge-recheck-api-1	1.311GiB / 2.5GiB	0.54%
22:57:40	judge-recheck-db-1	130.5MiB / 2GiB	0.07%
22:57:42	judge-recheck-caddy-1	54.08MiB / 256MiB	2.51%
22:57:42	judge-recheck-worker-1	906MiB / 1.5GiB	0.14%
22:57:42	judge-recheck-api-1	1.312GiB / 2.5GiB	1.39%
22:57:42	judge-recheck-db-1	130.3MiB / 2GiB	0.06%
22:57:45	judge-recheck-caddy-1	56.89MiB / 256MiB	0.20%
22:57:45	judge-recheck-worker-1	906.2MiB / 1.5GiB	0.22%
22:57:45	judge-recheck-api-1	1.312GiB / 2.5GiB	0.66%
22:57:45	judge-recheck-db-1	130.6MiB / 2GiB	0.09%
22:57:47	judge-recheck-caddy-1	56.82MiB / 256MiB	0.47%
22:57:47	judge-recheck-worker-1	906.3MiB / 1.5GiB	0.18%
22:57:47	judge-recheck-api-1	1.312GiB / 2.5GiB	0.84%
22:57:47	judge-recheck-db-1	130.5MiB / 2GiB	0.07%
22:57:49	judge-recheck-caddy-1	56.82MiB / 256MiB	0.20%
22:57:49	judge-recheck-worker-1	906.1MiB / 1.5GiB	0.19%
22:57:49	judge-recheck-api-1	1.312GiB / 2.5GiB	0.61%
22:57:49	judge-recheck-db-1	130.4MiB / 2GiB	0.07%
22:57:51	judge-recheck-caddy-1	56.92MiB / 256MiB	0.93%
22:57:51	judge-recheck-worker-1	906.1MiB / 1.5GiB	0.19%
22:57:51	judge-recheck-api-1	1.312GiB / 2.5GiB	0.45%
22:57:51	judge-recheck-db-1	130.4MiB / 2GiB	0.08%
22:57:53	judge-recheck-caddy-1	56.72MiB / 256MiB	0.14%
22:57:53	judge-recheck-worker-1	906.2MiB / 1.5GiB	0.05%
22:57:53	judge-recheck-api-1	1.312GiB / 2.5GiB	0.55%
22:57:53	judge-recheck-db-1	130.6MiB / 2GiB	0.85%
22:57:55	judge-recheck-caddy-1	56.71MiB / 256MiB	0.19%
22:57:55	judge-recheck-worker-1	906.2MiB / 1.5GiB	0.24%
22:57:55	judge-recheck-api-1	1.312GiB / 2.5GiB	0.67%
22:57:55	judge-recheck-db-1	130.6MiB / 2GiB	0.09%
22:57:57	judge-recheck-caddy-1	56.81MiB / 256MiB	0.53%
22:57:57	judge-recheck-worker-1	906.2MiB / 1.5GiB	0.22%
22:57:57	judge-recheck-api-1	1.312GiB / 2.5GiB	0.70%
22:57:57	judge-recheck-db-1	130.9MiB / 2GiB	2.99%
22:57:59	judge-recheck-caddy-1	56.72MiB / 256MiB	0.21%
22:57:59	judge-recheck-worker-1	906.5MiB / 1.5GiB	0.21%
22:57:59	judge-recheck-api-1	1.313GiB / 2.5GiB	0.61%
22:57:59	judge-recheck-db-1	131MiB / 2GiB	0.08%
22:58:02	judge-recheck-caddy-1	56.86MiB / 256MiB	0.99%
22:58:02	judge-recheck-worker-1	906.2MiB / 1.5GiB	0.12%
22:58:02	judge-recheck-api-1	1.313GiB / 2.5GiB	0.39%
22:58:02	judge-recheck-db-1	131MiB / 2GiB	0.04%
22:58:04	judge-recheck-caddy-1	56.86MiB / 256MiB	0.16%
22:58:04	judge-recheck-worker-1	906.5MiB / 1.5GiB	0.22%
22:58:04	judge-recheck-api-1	1.313GiB / 2.5GiB	0.55%
22:58:04	judge-recheck-db-1	130.6MiB / 2GiB	0.10%
22:58:06	judge-recheck-caddy-1	57.11MiB / 256MiB	0.17%
22:58:06	judge-recheck-worker-1	906.5MiB / 1.5GiB	0.30%
22:58:06	judge-recheck-api-1	1.313GiB / 2.5GiB	0.66%
22:58:06	judge-recheck-db-1	130.6MiB / 2GiB	0.14%
22:58:08	judge-recheck-caddy-1	57.05MiB / 256MiB	0.52%
22:58:08	judge-recheck-worker-1	906.5MiB / 1.5GiB	0.20%
22:58:08	judge-recheck-api-1	1.313GiB / 2.5GiB	0.80%
22:58:08	judge-recheck-db-1	131.1MiB / 2GiB	2.79%
22:58:10	judge-recheck-caddy-1	56.81MiB / 256MiB	0.19%
22:58:10	judge-recheck-worker-1	906.5MiB / 1.5GiB	0.22%
22:58:10	judge-recheck-api-1	1.313GiB / 2.5GiB	0.67%
22:58:10	judge-recheck-db-1	130.9MiB / 2GiB	0.07%
22:58:12	judge-recheck-caddy-1	56.96MiB / 256MiB	1.69%
22:58:12	judge-recheck-worker-1	906.2MiB / 1.5GiB	0.07%
22:58:12	judge-recheck-api-1	1.313GiB / 2.5GiB	0.88%
22:58:12	judge-recheck-db-1	130.6MiB / 2GiB	0.02%
22:58:14	judge-recheck-caddy-1	56.88MiB / 256MiB	0.20%
22:58:14	judge-recheck-worker-1	906.2MiB / 1.5GiB	0.21%
22:58:14	judge-recheck-api-1	1.314GiB / 2.5GiB	0.64%
22:58:14	judge-recheck-db-1	130.8MiB / 2GiB	0.10%
22:58:16	judge-recheck-caddy-1	56.97MiB / 256MiB	0.13%
22:58:16	judge-recheck-worker-1	906.2MiB / 1.5GiB	0.32%
22:58:16	judge-recheck-api-1	1.314GiB / 2.5GiB	0.53%
22:58:16	judge-recheck-db-1	130.8MiB / 2GiB	0.12%
22:58:18	judge-recheck-caddy-1	56.91MiB / 256MiB	0.52%
22:58:18	judge-recheck-worker-1	906.2MiB / 1.5GiB	0.13%
22:58:18	judge-recheck-api-1	1.314GiB / 2.5GiB	0.75%
22:58:18	judge-recheck-db-1	130.9MiB / 2GiB	2.82%
22:58:20	judge-recheck-caddy-1	56.89MiB / 256MiB	0.18%
22:58:20	judge-recheck-worker-1	906.2MiB / 1.5GiB	0.20%
22:58:20	judge-recheck-api-1	1.314GiB / 2.5GiB	0.64%
22:58:20	judge-recheck-db-1	131.1MiB / 2GiB	0.08%
22:58:22	judge-recheck-caddy-1	56.68MiB / 256MiB	1.40%
22:58:22	judge-recheck-worker-1	906.2MiB / 1.5GiB	0.22%
22:58:22	judge-recheck-api-1	1.314GiB / 2.5GiB	0.65%
22:58:22	judge-recheck-db-1	130.9MiB / 2GiB	0.08%
22:58:24	judge-recheck-caddy-1	56.83MiB / 256MiB	0.16%
22:58:24	judge-recheck-worker-1	906.5MiB / 1.5GiB	0.20%
22:58:24	judge-recheck-api-1	1.314GiB / 2.5GiB	0.55%
22:58:24	judge-recheck-db-1	130.8MiB / 2GiB	0.09%
22:58:26	judge-recheck-caddy-1	56.83MiB / 256MiB	0.18%
22:58:26	judge-recheck-worker-1	906.5MiB / 1.5GiB	0.30%
22:58:26	judge-recheck-api-1	1.314GiB / 2.5GiB	0.68%
22:58:26	judge-recheck-db-1	130.8MiB / 2GiB	0.12%
22:58:28	judge-recheck-caddy-1	56.77MiB / 256MiB	0.23%
22:58:28	judge-recheck-worker-1	906.2MiB / 1.5GiB	0.10%
22:58:28	judge-recheck-api-1	1.314GiB / 2.5GiB	0.45%
22:58:28	judge-recheck-db-1	131MiB / 2GiB	3.11%
22:58:30	judge-recheck-caddy-1	56.92MiB / 256MiB	0.18%
22:58:30	judge-recheck-worker-1	906.5MiB / 1.5GiB	0.11%
22:58:30	judge-recheck-api-1	1.314GiB / 2.5GiB	0.65%
22:58:30	judge-recheck-db-1	130.8MiB / 2GiB	0.04%
22:58:32	judge-recheck-caddy-1	56.93MiB / 256MiB	1.44%
22:58:32	judge-recheck-worker-1	906.5MiB / 1.5GiB	0.22%
22:58:32	judge-recheck-api-1	1.314GiB / 2.5GiB	0.72%
22:58:32	judge-recheck-db-1	130.7MiB / 2GiB	0.08%
22:58:34	judge-recheck-caddy-1	57.33MiB / 256MiB	0.19%
22:58:34	judge-recheck-worker-1	906.2MiB / 1.5GiB	0.12%
22:58:34	judge-recheck-api-1	1.315GiB / 2.5GiB	0.62%
22:58:34	judge-recheck-db-1	130.7MiB / 2GiB	0.04%
22:58:36	judge-recheck-caddy-1	57.02MiB / 256MiB	0.17%
22:58:36	judge-recheck-worker-1	906.5MiB / 1.5GiB	0.24%
22:58:36	judge-recheck-api-1	1.315GiB / 2.5GiB	0.61%
22:58:36	judge-recheck-db-1	130.5MiB / 2GiB	0.10%
22:58:38	judge-recheck-caddy-1	56.84MiB / 256MiB	0.29%
22:58:38	judge-recheck-worker-1	906.5MiB / 1.5GiB	0.05%
22:58:38	judge-recheck-api-1	1.315GiB / 2.5GiB	0.46%
22:58:38	judge-recheck-db-1	130.9MiB / 2GiB	2.38%
22:58:40	judge-recheck-caddy-1	57.48MiB / 256MiB	0.41%
22:58:40	judge-recheck-worker-1	906.7MiB / 1.5GiB	0.25%
22:58:40	judge-recheck-api-1	1.315GiB / 2.5GiB	0.75%
22:58:40	judge-recheck-db-1	131MiB / 2GiB	0.08%
22:58:42	judge-recheck-caddy-1	54.98MiB / 256MiB	1.33%
22:58:42	judge-recheck-worker-1	906.7MiB / 1.5GiB	0.22%
22:58:42	judge-recheck-api-1	1.315GiB / 2.5GiB	0.85%
22:58:42	judge-recheck-db-1	130.5MiB / 2GiB	0.07%
22:58:44	judge-recheck-caddy-1	54.72MiB / 256MiB	1.86%
22:58:44	judge-recheck-worker-1	906.5MiB / 1.5GiB	0.24%
22:58:44	judge-recheck-api-1	1.315GiB / 2.5GiB	3.22%
22:58:44	judge-recheck-db-1	130.9MiB / 2GiB	0.08%
22:58:46	judge-recheck-caddy-1	54.71MiB / 256MiB	0.17%
22:58:46	judge-recheck-worker-1	906.4MiB / 1.5GiB	7.02%
22:58:46	judge-recheck-api-1	1.315GiB / 2.5GiB	0.55%
22:58:46	judge-recheck-db-1	130.9MiB / 2GiB	0.12%
22:58:48	judge-recheck-caddy-1	54.74MiB / 256MiB	0.25%
22:58:48	judge-recheck-worker-1	906.2MiB / 1.5GiB	0.06%
22:58:48	judge-recheck-api-1	1.315GiB / 2.5GiB	0.36%
22:58:48	judge-recheck-db-1	130.5MiB / 2GiB	2.57%
22:58:50	judge-recheck-caddy-1	54.94MiB / 256MiB	0.16%
22:58:50	judge-recheck-worker-1	906MiB / 1.5GiB	0.22%
22:58:50	judge-recheck-api-1	1.315GiB / 2.5GiB	0.63%
22:58:50	judge-recheck-db-1	130.7MiB / 2GiB	0.08%
22:58:52	judge-recheck-caddy-1	54.94MiB / 256MiB	0.14%
22:58:52	judge-recheck-worker-1	906.2MiB / 1.5GiB	0.20%
22:58:52	judge-recheck-api-1	1.315GiB / 2.5GiB	0.59%
22:58:52	judge-recheck-db-1	130.7MiB / 2GiB	0.08%
22:58:54	judge-recheck-caddy-1	54.81MiB / 256MiB	0.16%
22:58:54	judge-recheck-worker-1	906.2MiB / 1.5GiB	0.18%
22:58:54	judge-recheck-api-1	1.316GiB / 2.5GiB	0.52%
22:58:54	judge-recheck-db-1	130.5MiB / 2GiB	0.08%
22:58:56	judge-recheck-caddy-1	54.79MiB / 256MiB	0.18%
22:58:56	judge-recheck-worker-1	906.2MiB / 1.5GiB	0.29%
22:58:56	judge-recheck-api-1	1.316GiB / 2.5GiB	0.68%
22:58:56	judge-recheck-db-1	130.5MiB / 2GiB	0.11%
22:58:59	judge-recheck-caddy-1	54.7MiB / 256MiB	0.10%
22:58:59	judge-recheck-worker-1	906.5MiB / 1.5GiB	0.05%
22:58:59	judge-recheck-api-1	1.316GiB / 2.5GiB	0.36%
22:58:59	judge-recheck-db-1	130.5MiB / 2GiB	2.72%
22:59:01	judge-recheck-caddy-1	54.7MiB / 256MiB	0.19%
22:59:01	judge-recheck-worker-1	906.5MiB / 1.5GiB	0.21%
22:59:01	judge-recheck-api-1	1.316GiB / 2.5GiB	0.70%
22:59:01	judge-recheck-db-1	130.7MiB / 2GiB	0.08%
22:59:03	judge-recheck-caddy-1	54.87MiB / 256MiB	0.14%
22:59:03	judge-recheck-worker-1	906.5MiB / 1.5GiB	0.28%
22:59:03	judge-recheck-api-1	1.316GiB / 2.5GiB	0.57%
22:59:03	judge-recheck-db-1	130.8MiB / 2GiB	0.81%
22:59:05	judge-recheck-caddy-1	54.87MiB / 256MiB	0.21%
22:59:05	judge-recheck-worker-1	906.2MiB / 1.5GiB	0.20%
22:59:05	judge-recheck-api-1	1.316GiB / 2.5GiB	0.68%
22:59:05	judge-recheck-db-1	130.8MiB / 2GiB	0.09%
22:59:07	judge-recheck-caddy-1	55.12MiB / 256MiB	0.14%
22:59:07	judge-recheck-worker-1	906.2MiB / 1.5GiB	0.18%
22:59:07	judge-recheck-api-1	1.316GiB / 2.5GiB	0.61%
22:59:07	judge-recheck-db-1	130.8MiB / 2GiB	0.07%
22:59:09	judge-recheck-caddy-1	54.84MiB / 256MiB	0.09%
22:59:09	judge-recheck-worker-1	906.2MiB / 1.5GiB	0.04%
22:59:09	judge-recheck-api-1	1.316GiB / 2.5GiB	0.38%
22:59:09	judge-recheck-db-1	130.8MiB / 2GiB	2.69%
22:59:11	judge-recheck-caddy-1	54.95MiB / 256MiB	0.30%
22:59:11	judge-recheck-worker-1	906.2MiB / 1.5GiB	0.12%
22:59:11	judge-recheck-api-1	1.317GiB / 2.5GiB	0.59%
22:59:11	judge-recheck-db-1	130.6MiB / 2GiB	0.04%
22:59:13	judge-recheck-caddy-1	55.01MiB / 256MiB	0.00%
22:59:13	judge-recheck-worker-1	906.2MiB / 1.5GiB	0.22%
22:59:13	judge-recheck-api-1	1.317GiB / 2.5GiB	0.19%
22:59:13	judge-recheck-db-1	130.6MiB / 2GiB	0.07%
22:59:15	judge-recheck-caddy-1	55.01MiB / 256MiB	0.02%
22:59:15	judge-recheck-worker-1	906.2MiB / 1.5GiB	0.22%
22:59:15	judge-recheck-api-1	1.316GiB / 2.5GiB	0.21%
22:59:15	judge-recheck-db-1	130.8MiB / 2GiB	0.08%
22:59:17	judge-recheck-caddy-1	54.67MiB / 256MiB	0.00%
22:59:17	judge-recheck-worker-1	906.5MiB / 1.5GiB	7.04%
22:59:17	judge-recheck-api-1	1.316GiB / 2.5GiB	0.21%
22:59:17	judge-recheck-db-1	130.7MiB / 2GiB	0.12%
22:59:19	judge-recheck-caddy-1	54.48MiB / 256MiB	0.00%
22:59:19	judge-recheck-worker-1	906.5MiB / 1.5GiB	0.06%
22:59:19	judge-recheck-api-1	1.317GiB / 2.5GiB	0.82%
22:59:19	judge-recheck-db-1	130.6MiB / 2GiB	2.71%
22:59:22	judge-recheck-caddy-1	54.98MiB / 256MiB	1.20%
22:59:22	judge-recheck-worker-1	906.2MiB / 1.5GiB	0.20%
22:59:22	judge-recheck-api-1	1.317GiB / 2.5GiB	0.19%
22:59:22	judge-recheck-db-1	130.6MiB / 2GiB	0.07%
22:59:24	judge-recheck-caddy-1	54.98MiB / 256MiB	0.00%
22:59:24	judge-recheck-worker-1	906.5MiB / 1.5GiB	0.12%
22:59:24	judge-recheck-api-1	1.317GiB / 2.5GiB	0.18%
22:59:24	judge-recheck-db-1	130.8MiB / 2GiB	2.91%
22:59:26	judge-recheck-caddy-1	54.8MiB / 256MiB	0.00%
22:59:26	judge-recheck-worker-1	906.5MiB / 1.5GiB	0.23%
22:59:26	judge-recheck-api-1	1.317GiB / 2.5GiB	0.20%
22:59:26	judge-recheck-db-1	130.8MiB / 2GiB	0.08%
22:59:28	judge-recheck-caddy-1	54.77MiB / 256MiB	0.00%
22:59:28	judge-recheck-worker-1	906.5MiB / 1.5GiB	0.16%
22:59:28	judge-recheck-api-1	1.317GiB / 2.5GiB	16.13%
22:59:28	judge-recheck-db-1	130.7MiB / 2GiB	0.38%
22:59:30	judge-recheck-caddy-1	54.77MiB / 256MiB	0.00%
22:59:30	judge-recheck-worker-1	906.5MiB / 1.5GiB	0.13%
22:59:30	judge-recheck-api-1	1.317GiB / 2.5GiB	0.14%
22:59:30	judge-recheck-db-1	130.9MiB / 2GiB	0.04%
22:59:32	judge-recheck-caddy-1	54.86MiB / 256MiB	1.18%
22:59:32	judge-recheck-worker-1	906.7MiB / 1.5GiB	0.25%
22:59:32	judge-recheck-api-1	1.317GiB / 2.5GiB	0.19%
22:59:32	judge-recheck-db-1	131MiB / 2GiB	0.09%
22:59:34	judge-recheck-caddy-1	54.86MiB / 256MiB	0.00%
22:59:34	judge-recheck-worker-1	906.7MiB / 1.5GiB	0.23%
22:59:34	judge-recheck-api-1	1.317GiB / 2.5GiB	0.18%
22:59:34	judge-recheck-db-1	130.8MiB / 2GiB	2.58%
22:59:36	judge-recheck-caddy-1	55.11MiB / 256MiB	0.03%
22:59:36	judge-recheck-worker-1	906.5MiB / 1.5GiB	0.29%
22:59:36	judge-recheck-api-1	1.317GiB / 2.5GiB	0.27%
22:59:36	judge-recheck-db-1	130.8MiB / 2GiB	0.13%
22:59:38	judge-recheck-caddy-1	55.13MiB / 256MiB	0.10%
22:59:38	judge-recheck-worker-1	906.5MiB / 1.5GiB	0.23%
22:59:38	judge-recheck-api-1	1.317GiB / 2.5GiB	16.22%
22:59:38	judge-recheck-db-1	131.4MiB / 2GiB	3.01%
22:59:40	judge-recheck-caddy-1	55MiB / 256MiB	0.10%
22:59:40	judge-recheck-worker-1	906.5MiB / 1.5GiB	0.19%
22:59:40	judge-recheck-api-1	1.317GiB / 2.5GiB	0.28%
22:59:40	judge-recheck-db-1	130.7MiB / 2GiB	0.08%
22:59:42	judge-recheck-caddy-1	54.99MiB / 256MiB	1.35%
22:59:42	judge-recheck-worker-1	906.5MiB / 1.5GiB	0.21%
22:59:42	judge-recheck-api-1	1.317GiB / 2.5GiB	0.48%
22:59:42	judge-recheck-db-1	130.7MiB / 2GiB	0.08%
22:59:44	judge-recheck-caddy-1	54.73MiB / 256MiB	0.19%
22:59:44	judge-recheck-worker-1	906.5MiB / 1.5GiB	0.23%
22:59:44	judge-recheck-api-1	1.317GiB / 2.5GiB	0.63%
22:59:44	judge-recheck-db-1	130.9MiB / 2GiB	0.08%
22:59:46	judge-recheck-caddy-1	54.98MiB / 256MiB	0.16%
22:59:46	judge-recheck-worker-1	906.4MiB / 1.5GiB	6.69%
22:59:46	judge-recheck-api-1	1.317GiB / 2.5GiB	0.54%
22:59:46	judge-recheck-db-1	130.7MiB / 2GiB	0.04%
22:59:48	judge-recheck-caddy-1	54.63MiB / 256MiB	0.16%
22:59:48	judge-recheck-worker-1	906.4MiB / 1.5GiB	0.05%
22:59:48	judge-recheck-api-1	1.317GiB / 2.5GiB	16.50%
22:59:48	judge-recheck-db-1	130.9MiB / 2GiB	2.86%
22:59:50	judge-recheck-caddy-1	54.49MiB / 256MiB	0.12%
22:59:50	judge-recheck-worker-1	906.5MiB / 1.5GiB	0.06%
22:59:50	judge-recheck-api-1	1.318GiB / 2.5GiB	0.48%
22:59:50	judge-recheck-db-1	130.9MiB / 2GiB	0.02%
22:59:52	judge-recheck-caddy-1	54.92MiB / 256MiB	1.32%
22:59:52	judge-recheck-worker-1	906.5MiB / 1.5GiB	0.05%
22:59:52	judge-recheck-api-1	1.318GiB / 2.5GiB	0.50%
22:59:52	judge-recheck-db-1	130.7MiB / 2GiB	0.02%
22:59:54	judge-recheck-caddy-1	54.9MiB / 256MiB	0.16%
22:59:54	judge-recheck-worker-1	906.5MiB / 1.5GiB	0.06%
22:59:54	judge-recheck-api-1	1.318GiB / 2.5GiB	0.51%
22:59:54	judge-recheck-db-1	130.7MiB / 2GiB	0.02%
22:59:56	judge-recheck-caddy-1	54.74MiB / 256MiB	0.11%
22:59:56	judge-recheck-worker-1	906.5MiB / 1.5GiB	0.33%
22:59:56	judge-recheck-api-1	1.318GiB / 2.5GiB	0.42%
22:59:56	judge-recheck-db-1	130.7MiB / 2GiB	0.14%
22:59:58	judge-recheck-caddy-1	54.82MiB / 256MiB	0.10%
22:59:58	judge-recheck-worker-1	906.5MiB / 1.5GiB	0.06%
22:59:58	judge-recheck-api-1	1.318GiB / 2.5GiB	16.08%
22:59:58	judge-recheck-db-1	130.7MiB / 2GiB	2.70%
23:00:00	judge-recheck-caddy-1	54.72MiB / 256MiB	0.12%
23:00:00	judge-recheck-worker-1	906.5MiB / 1.5GiB	0.05%
23:00:00	judge-recheck-api-1	1.318GiB / 2.5GiB	0.42%
23:00:00	judge-recheck-db-1	130.9MiB / 2GiB	0.02%
23:00:02	judge-recheck-caddy-1	55.15MiB / 256MiB	0.19%
23:00:02	judge-recheck-worker-1	906.5MiB / 1.5GiB	0.21%
23:00:02	judge-recheck-api-1	1.318GiB / 2.5GiB	0.62%
23:00:02	judge-recheck-db-1	130.9MiB / 2GiB	0.09%
23:00:05	judge-recheck-caddy-1	54.89MiB / 256MiB	0.15%
23:00:05	judge-recheck-worker-1	906.5MiB / 1.5GiB	0.21%
23:00:05	judge-recheck-api-1	1.319GiB / 2.5GiB	0.49%
23:00:05	judge-recheck-db-1	130.8MiB / 2GiB	0.08%
23:00:07	judge-recheck-caddy-1	54.88MiB / 256MiB	0.11%
23:00:07	judge-recheck-worker-1	906.5MiB / 1.5GiB	0.17%
23:00:07	judge-recheck-api-1	1.319GiB / 2.5GiB	0.39%
23:00:07	judge-recheck-db-1	130.8MiB / 2GiB	0.07%
23:00:09	judge-recheck-caddy-1	54.88MiB / 256MiB	0.10%
23:00:09	judge-recheck-worker-1	906.5MiB / 1.5GiB	0.05%
23:00:09	judge-recheck-api-1	1.319GiB / 2.5GiB	15.91%
23:00:09	judge-recheck-db-1	131MiB / 2GiB	2.71%
23:00:11	judge-recheck-caddy-1	54.77MiB / 256MiB	0.13%
23:00:11	judge-recheck-worker-1	906MiB / 1.5GiB	0.21%
23:00:11	judge-recheck-api-1	1.319GiB / 2.5GiB	0.51%
23:00:11	judge-recheck-db-1	130.8MiB / 2GiB	0.07%
23:00:13	judge-recheck-caddy-1	54.66MiB / 256MiB	0.18%
23:00:13	judge-recheck-worker-1	906.2MiB / 1.5GiB	0.12%
23:00:13	judge-recheck-api-1	1.319GiB / 2.5GiB	0.59%
23:00:13	judge-recheck-db-1	130.9MiB / 2GiB	0.05%
23:00:15	judge-recheck-caddy-1	54.64MiB / 256MiB	0.20%
23:00:15	judge-recheck-worker-1	906.2MiB / 1.5GiB	0.21%
23:00:15	judge-recheck-api-1	1.319GiB / 2.5GiB	0.57%
23:00:15	judge-recheck-db-1	130.6MiB / 2GiB	0.08%
23:00:17	judge-recheck-caddy-1	54.91MiB / 256MiB	0.13%
23:00:17	judge-recheck-worker-1	906.4MiB / 1.5GiB	7.14%
23:00:17	judge-recheck-api-1	1.319GiB / 2.5GiB	0.59%
23:00:17	judge-recheck-db-1	130.4MiB / 2GiB	0.05%
23:00:19	judge-recheck-caddy-1	54.79MiB / 256MiB	0.10%
23:00:19	judge-recheck-worker-1	906.4MiB / 1.5GiB	0.06%
23:00:19	judge-recheck-api-1	1.32GiB / 2.5GiB	16.22%
23:00:19	judge-recheck-db-1	130.8MiB / 2GiB	2.61%
23:00:21	judge-recheck-caddy-1	54.39MiB / 256MiB	0.13%
23:00:21	judge-recheck-worker-1	906MiB / 1.5GiB	0.20%
23:00:21	judge-recheck-api-1	1.319GiB / 2.5GiB	1.76%
23:00:21	judge-recheck-db-1	130.3MiB / 2GiB	0.07%
23:00:23	judge-recheck-caddy-1	54.61MiB / 256MiB	0.14%
23:00:23	judge-recheck-worker-1	906.2MiB / 1.5GiB	0.21%
23:00:23	judge-recheck-api-1	1.319GiB / 2.5GiB	0.55%
23:00:23	judge-recheck-db-1	130.8MiB / 2GiB	0.74%
23:00:25	judge-recheck-caddy-1	54.8MiB / 256MiB	0.18%
23:00:25	judge-recheck-worker-1	906.2MiB / 1.5GiB	0.24%
23:00:25	judge-recheck-api-1	1.32GiB / 2.5GiB	0.59%
23:00:25	judge-recheck-db-1	130.7MiB / 2GiB	0.08%
23:00:27	judge-recheck-caddy-1	54.99MiB / 256MiB	0.14%
23:00:27	judge-recheck-worker-1	906.2MiB / 1.5GiB	0.28%
23:00:27	judge-recheck-api-1	1.32GiB / 2.5GiB	0.50%
23:00:27	judge-recheck-db-1	130.8MiB / 2GiB	0.11%
23:00:29	judge-recheck-caddy-1	54.73MiB / 256MiB	0.10%
23:00:29	judge-recheck-worker-1	906.2MiB / 1.5GiB	0.24%
23:00:29	judge-recheck-api-1	1.32GiB / 2.5GiB	16.69%
23:00:29	judge-recheck-db-1	131.1MiB / 2GiB	2.76%
23:00:31	judge-recheck-caddy-1	54.73MiB / 256MiB	0.15%
23:00:31	judge-recheck-worker-1	906.2MiB / 1.5GiB	0.25%
23:00:31	judge-recheck-api-1	1.32GiB / 2.5GiB	0.52%
23:00:31	judge-recheck-db-1	131.1MiB / 2GiB	0.06%
23:00:33	judge-recheck-caddy-1	55.15MiB / 256MiB	0.18%
23:00:33	judge-recheck-worker-1	906.2MiB / 1.5GiB	0.20%
23:00:33	judge-recheck-api-1	1.32GiB / 2.5GiB	0.60%
23:00:33	judge-recheck-db-1	130.9MiB / 2GiB	0.09%
23:00:35	judge-recheck-caddy-1	55.29MiB / 256MiB	0.22%
23:00:35	judge-recheck-worker-1	906.5MiB / 1.5GiB	0.06%
23:00:35	judge-recheck-api-1	1.32GiB / 2.5GiB	0.42%
23:00:35	judge-recheck-db-1	130.7MiB / 2GiB	0.02%
23:00:38	judge-recheck-caddy-1	54.96MiB / 256MiB	0.22%
23:00:38	judge-recheck-worker-1	906.5MiB / 1.5GiB	0.23%
23:00:38	judge-recheck-api-1	1.321GiB / 2.5GiB	0.67%
23:00:38	judge-recheck-db-1	130.7MiB / 2GiB	0.08%
23:00:40	judge-recheck-caddy-1	55.21MiB / 256MiB	0.17%
23:00:40	judge-recheck-worker-1	906.5MiB / 1.5GiB	0.23%
23:00:40	judge-recheck-api-1	1.32GiB / 2.5GiB	0.53%
23:00:40	judge-recheck-db-1	130.8MiB / 2GiB	0.07%
23:00:42	judge-recheck-caddy-1	48.56MiB / 256MiB	1.64%
23:00:42	judge-recheck-worker-1	906.5MiB / 1.5GiB	0.16%
23:00:42	judge-recheck-api-1	1.321GiB / 2.5GiB	0.48%
23:00:42	judge-recheck-db-1	130.8MiB / 2GiB	0.06%
23:00:44	judge-recheck-caddy-1	48.26MiB / 256MiB	0.16%
23:00:44	judge-recheck-worker-1	906.2MiB / 1.5GiB	0.10%
23:00:44	judge-recheck-api-1	1.321GiB / 2.5GiB	0.47%
23:00:44	judge-recheck-db-1	130.7MiB / 2GiB	2.62%
23:00:46	judge-recheck-caddy-1	48.25MiB / 256MiB	0.15%
23:00:46	judge-recheck-worker-1	906.5MiB / 1.5GiB	0.27%
23:00:46	judge-recheck-api-1	1.321GiB / 2.5GiB	0.59%
23:00:46	judge-recheck-db-1	130.9MiB / 2GiB	0.07%
23:00:48	judge-recheck-caddy-1	48.12MiB / 256MiB	0.15%
23:00:48	judge-recheck-worker-1	906.7MiB / 1.5GiB	0.22%
23:00:48	judge-recheck-api-1	1.321GiB / 2.5GiB	0.58%
23:00:48	judge-recheck-db-1	130.7MiB / 2GiB	0.08%
23:00:50	judge-recheck-caddy-1	48.37MiB / 256MiB	0.14%
23:00:50	judge-recheck-worker-1	906.3MiB / 1.5GiB	0.22%
23:00:50	judge-recheck-api-1	1.321GiB / 2.5GiB	0.55%
23:00:50	judge-recheck-db-1	131.1MiB / 2GiB	0.08%
23:00:52	judge-recheck-caddy-1	48.14MiB / 256MiB	1.33%
23:00:52	judge-recheck-worker-1	906.2MiB / 1.5GiB	0.27%
23:00:52	judge-recheck-api-1	1.322GiB / 2.5GiB	0.52%
23:00:52	judge-recheck-db-1	130.8MiB / 2GiB	0.12%
23:00:54	judge-recheck-caddy-1	48.39MiB / 256MiB	0.15%
23:00:54	judge-recheck-worker-1	906.2MiB / 1.5GiB	0.19%
23:00:54	judge-recheck-api-1	1.322GiB / 2.5GiB	0.48%
23:00:54	judge-recheck-db-1	130.9MiB / 2GiB	2.70%
23:00:56	judge-recheck-caddy-1	48.12MiB / 256MiB	0.16%
23:00:56	judge-recheck-worker-1	906.2MiB / 1.5GiB	0.20%
23:00:56	judge-recheck-api-1	1.322GiB / 2.5GiB	0.66%
23:00:56	judge-recheck-db-1	130.9MiB / 2GiB	0.07%
23:00:58	judge-recheck-caddy-1	47.99MiB / 256MiB	0.14%
23:00:58	judge-recheck-worker-1	906.2MiB / 1.5GiB	0.20%
23:00:58	judge-recheck-api-1	1.322GiB / 2.5GiB	0.56%
23:00:58	judge-recheck-db-1	130.7MiB / 2GiB	0.07%
23:01:00	judge-recheck-caddy-1	47.99MiB / 256MiB	0.16%
23:01:00	judge-recheck-worker-1	906.2MiB / 1.5GiB	0.20%
23:01:00	judge-recheck-api-1	1.322GiB / 2.5GiB	0.55%
23:01:00	judge-recheck-db-1	130.7MiB / 2GiB	0.05%
23:01:02	judge-recheck-caddy-1	48.25MiB / 256MiB	1.22%
23:01:02	judge-recheck-worker-1	906.5MiB / 1.5GiB	0.19%
23:01:02	judge-recheck-api-1	1.322GiB / 2.5GiB	0.37%
23:01:02	judge-recheck-db-1	130.7MiB / 2GiB	0.07%
23:01:04	judge-recheck-caddy-1	48.22MiB / 256MiB	0.13%
23:01:04	judge-recheck-worker-1	906.5MiB / 1.5GiB	0.21%
23:01:04	judge-recheck-api-1	1.322GiB / 2.5GiB	0.56%
23:01:04	judge-recheck-db-1	130.8MiB / 2GiB	2.67%
23:01:06	judge-recheck-caddy-1	48.22MiB / 256MiB	0.11%
23:01:06	judge-recheck-worker-1	906.2MiB / 1.5GiB	0.12%
23:01:06	judge-recheck-api-1	1.322GiB / 2.5GiB	0.46%
23:01:06	judge-recheck-db-1	130.7MiB / 2GiB	0.04%
23:01:08	judge-recheck-caddy-1	48.2MiB / 256MiB	0.14%
23:01:08	judge-recheck-worker-1	906.2MiB / 1.5GiB	0.06%
23:01:08	judge-recheck-api-1	1.322GiB / 2.5GiB	0.50%
23:01:08	judge-recheck-db-1	131MiB / 2GiB	0.02%
23:01:10	judge-recheck-caddy-1	47.94MiB / 256MiB	0.18%
23:01:10	judge-recheck-worker-1	906.2MiB / 1.5GiB	0.06%
23:01:10	judge-recheck-api-1	1.323GiB / 2.5GiB	0.66%
23:01:10	judge-recheck-db-1	131MiB / 2GiB	0.02%
23:01:12	judge-recheck-caddy-1	48.08MiB / 256MiB	0.97%
23:01:12	judge-recheck-worker-1	906.2MiB / 1.5GiB	0.05%
23:01:12	judge-recheck-api-1	1.323GiB / 2.5GiB	0.46%
23:01:12	judge-recheck-db-1	131MiB / 2GiB	0.03%
23:01:15	judge-recheck-caddy-1	48.17MiB / 256MiB	0.19%
23:01:15	judge-recheck-worker-1	906.2MiB / 1.5GiB	0.05%
23:01:15	judge-recheck-api-1	1.323GiB / 2.5GiB	0.76%
23:01:15	judge-recheck-db-1	131MiB / 2GiB	2.63%
23:01:17	judge-recheck-caddy-1	48.08MiB / 256MiB	0.11%
23:01:17	judge-recheck-worker-1	906.5MiB / 1.5GiB	6.97%
23:01:17	judge-recheck-api-1	1.323GiB / 2.5GiB	0.39%
23:01:17	judge-recheck-db-1	130.7MiB / 2GiB	0.10%
23:01:19	judge-recheck-caddy-1	48.23MiB / 256MiB	0.14%
23:01:19	judge-recheck-worker-1	906.6MiB / 1.5GiB	0.22%
23:01:19	judge-recheck-api-1	1.323GiB / 2.5GiB	0.45%
23:01:19	judge-recheck-db-1	130.9MiB / 2GiB	0.08%
23:01:21	judge-recheck-caddy-1	48.27MiB / 256MiB	0.13%
23:01:21	judge-recheck-worker-1	906.2MiB / 1.5GiB	0.17%
23:01:21	judge-recheck-api-1	1.323GiB / 2.5GiB	0.47%
23:01:21	judge-recheck-db-1	130.8MiB / 2GiB	0.06%
23:01:23	judge-recheck-caddy-1	48.2MiB / 256MiB	0.92%
23:01:23	judge-recheck-worker-1	906.5MiB / 1.5GiB	0.22%
23:01:23	judge-recheck-api-1	1.323GiB / 2.5GiB	0.49%
23:01:23	judge-recheck-db-1	131.1MiB / 2GiB	0.83%
23:01:25	judge-recheck-caddy-1	48.21MiB / 256MiB	0.17%
23:01:25	judge-recheck-worker-1	906.2MiB / 1.5GiB	0.21%
23:01:25	judge-recheck-api-1	1.323GiB / 2.5GiB	0.57%
23:01:25	judge-recheck-db-1	130.8MiB / 2GiB	2.73%
23:01:27	judge-recheck-caddy-1	47.95MiB / 256MiB	0.18%
23:01:27	judge-recheck-worker-1	906.2MiB / 1.5GiB	0.31%
23:01:27	judge-recheck-api-1	1.323GiB / 2.5GiB	0.59%
23:01:27	judge-recheck-db-1	131MiB / 2GiB	0.13%
23:01:29	judge-recheck-caddy-1	48.17MiB / 256MiB	0.14%
23:01:29	judge-recheck-worker-1	906.2MiB / 1.5GiB	0.25%
23:01:29	judge-recheck-api-1	1.324GiB / 2.5GiB	0.51%
23:01:29	judge-recheck-db-1	131MiB / 2GiB	0.07%
23:01:31	judge-recheck-caddy-1	48.42MiB / 256MiB	0.19%
23:01:31	judge-recheck-worker-1	906.2MiB / 1.5GiB	0.20%
23:01:31	judge-recheck-api-1	1.324GiB / 2.5GiB	0.54%
23:01:31	judge-recheck-db-1	131MiB / 2GiB	0.07%
23:01:33	judge-recheck-caddy-1	48.11MiB / 256MiB	0.19%
23:01:33	judge-recheck-worker-1	906.5MiB / 1.5GiB	0.21%
23:01:33	judge-recheck-api-1	1.324GiB / 2.5GiB	0.61%
23:01:33	judge-recheck-db-1	131MiB / 2GiB	0.08%
23:01:35	judge-recheck-caddy-1	48.36MiB / 256MiB	0.20%
23:01:35	judge-recheck-worker-1	906.5MiB / 1.5GiB	0.21%
23:01:35	judge-recheck-api-1	1.324GiB / 2.5GiB	0.58%
23:01:35	judge-recheck-db-1	130.9MiB / 2GiB	2.36%
23:01:37	judge-recheck-caddy-1	48.08MiB / 256MiB	0.17%
23:01:37	judge-recheck-worker-1	906.5MiB / 1.5GiB	0.30%
23:01:37	judge-recheck-api-1	1.324GiB / 2.5GiB	0.58%
23:01:37	judge-recheck-db-1	130.9MiB / 2GiB	0.13%
23:01:39	judge-recheck-caddy-1	48.08MiB / 256MiB	0.11%
23:01:39	judge-recheck-worker-1	906.5MiB / 1.5GiB	0.09%
23:01:39	judge-recheck-api-1	1.324GiB / 2.5GiB	0.40%
23:01:39	judge-recheck-db-1	130.9MiB / 2GiB	0.03%
23:01:41	judge-recheck-caddy-1	48.33MiB / 256MiB	0.22%
23:01:41	judge-recheck-worker-1	906.2MiB / 1.5GiB	0.23%
23:01:41	judge-recheck-api-1	1.325GiB / 2.5GiB	0.62%
23:01:41	judge-recheck-db-1	130.8MiB / 2GiB	0.08%
23:01:43	judge-recheck-caddy-1	48.26MiB / 256MiB	0.18%
23:01:43	judge-recheck-worker-1	906.2MiB / 1.5GiB	0.23%
23:01:43	judge-recheck-api-1	1.325GiB / 2.5GiB	0.60%
23:01:43	judge-recheck-db-1	131MiB / 2GiB	0.76%
23:01:45	judge-recheck-caddy-1	48.41MiB / 256MiB	0.20%
23:01:45	judge-recheck-worker-1	906.2MiB / 1.5GiB	0.19%
23:01:45	judge-recheck-api-1	1.325GiB / 2.5GiB	0.60%
23:01:45	judge-recheck-db-1	130.8MiB / 2GiB	2.40%
23:01:47	judge-recheck-caddy-1	48.27MiB / 256MiB	0.12%
23:01:47	judge-recheck-worker-1	906.4MiB / 1.5GiB	7.10%
23:01:47	judge-recheck-api-1	1.325GiB / 2.5GiB	0.43%
23:01:47	judge-recheck-db-1	130.7MiB / 2GiB	0.11%
23:01:49	judge-recheck-caddy-1	48.45MiB / 256MiB	0.06%
23:01:49	judge-recheck-worker-1	906.3MiB / 1.5GiB	0.06%
23:01:49	judge-recheck-api-1	1.325GiB / 2.5GiB	0.29%
23:01:49	judge-recheck-db-1	130.9MiB / 2GiB	2.31%
23:01:51	judge-recheck-caddy-1	47.91MiB / 256MiB	0.13%
23:01:51	judge-recheck-worker-1	906.5MiB / 1.5GiB	0.21%
23:01:51	judge-recheck-api-1	1.325GiB / 2.5GiB	0.53%
23:01:51	judge-recheck-db-1	130.7MiB / 2GiB	0.07%
23:01:53	judge-recheck-caddy-1	48.22MiB / 256MiB	0.14%
23:01:53	judge-recheck-worker-1	906.3MiB / 1.5GiB	0.19%
23:01:53	judge-recheck-api-1	1.325GiB / 2.5GiB	0.52%
23:01:53	judge-recheck-db-1	130.6MiB / 2GiB	0.08%
23:01:55	judge-recheck-caddy-1	48.24MiB / 256MiB	0.22%
23:01:55	judge-recheck-worker-1	906.3MiB / 1.5GiB	0.22%
23:01:55	judge-recheck-api-1	1.325GiB / 2.5GiB	0.66%
23:01:55	judge-recheck-db-1	130.7MiB / 2GiB	0.07%
23:01:57	judge-recheck-caddy-1	47.98MiB / 256MiB	0.14%
23:01:57	judge-recheck-worker-1	906.3MiB / 1.5GiB	0.22%
23:01:57	judge-recheck-api-1	1.325GiB / 2.5GiB	0.56%
23:01:57	judge-recheck-db-1	130.7MiB / 2GiB	0.08%
23:01:59	judge-recheck-caddy-1	48.23MiB / 256MiB	0.17%
23:01:59	judge-recheck-worker-1	906.2MiB / 1.5GiB	0.23%
23:01:59	judge-recheck-api-1	1.326GiB / 2.5GiB	0.52%
23:01:59	judge-recheck-db-1	130.4MiB / 2GiB	2.35%
23:02:01	judge-recheck-caddy-1	48.24MiB / 256MiB	0.16%
23:02:01	judge-recheck-worker-1	906.2MiB / 1.5GiB	0.19%
23:02:01	judge-recheck-api-1	1.326GiB / 2.5GiB	0.51%
23:02:01	judge-recheck-db-1	130.9MiB / 2GiB	0.07%
23:02:03	judge-recheck-caddy-1	47.98MiB / 256MiB	0.17%
23:02:03	judge-recheck-worker-1	906.2MiB / 1.5GiB	0.22%
23:02:03	judge-recheck-api-1	1.326GiB / 2.5GiB	0.60%
23:02:03	judge-recheck-db-1	130.9MiB / 2GiB	0.70%
23:02:05	judge-recheck-caddy-1	48.26MiB / 256MiB	0.14%
23:02:05	judge-recheck-worker-1	906.2MiB / 1.5GiB	0.20%
23:02:05	judge-recheck-api-1	1.326GiB / 2.5GiB	0.56%
23:02:05	judge-recheck-db-1	130.8MiB / 2GiB	0.07%
23:02:07	judge-recheck-caddy-1	48.24MiB / 256MiB	0.13%
23:02:07	judge-recheck-worker-1	906.2MiB / 1.5GiB	0.35%
23:02:07	judge-recheck-api-1	1.326GiB / 2.5GiB	0.50%
23:02:07	judge-recheck-db-1	130.8MiB / 2GiB	0.15%
23:02:09	judge-recheck-caddy-1	47.98MiB / 256MiB	0.14%
23:02:09	judge-recheck-worker-1	906.2MiB / 1.5GiB	0.23%
23:02:09	judge-recheck-api-1	1.326GiB / 2.5GiB	0.54%
23:02:09	judge-recheck-db-1	131.1MiB / 2GiB	2.65%
23:02:11	judge-recheck-caddy-1	48.31MiB / 256MiB	0.15%
23:02:11	judge-recheck-worker-1	906.2MiB / 1.5GiB	0.22%
23:02:11	judge-recheck-api-1	1.326GiB / 2.5GiB	0.53%
23:02:11	judge-recheck-db-1	130.9MiB / 2GiB	0.07%
23:02:13	judge-recheck-caddy-1	48.32MiB / 256MiB	0.17%
23:02:13	judge-recheck-worker-1	906.2MiB / 1.5GiB	0.27%
23:02:13	judge-recheck-api-1	1.326GiB / 2.5GiB	0.59%
23:02:13	judge-recheck-db-1	130.9MiB / 2GiB	0.07%
23:02:15	judge-recheck-caddy-1	48.37MiB / 256MiB	0.14%
23:02:15	judge-recheck-worker-1	906.2MiB / 1.5GiB	0.05%
23:02:15	judge-recheck-api-1	1.327GiB / 2.5GiB	0.48%
23:02:15	judge-recheck-db-1	130.6MiB / 2GiB	0.02%
23:02:17	judge-recheck-caddy-1	48.37MiB / 256MiB	0.15%
23:02:17	judge-recheck-worker-1	906.7MiB / 1.5GiB	7.06%
23:02:17	judge-recheck-api-1	1.326GiB / 2.5GiB	2.01%
23:02:17	judge-recheck-db-1	130.6MiB / 2GiB	1.54%
23:02:20	judge-recheck-caddy-1	48.1MiB / 256MiB	0.15%
23:02:20	judge-recheck-worker-1	906.6MiB / 1.5GiB	0.16%
23:02:20	judge-recheck-api-1	1.327GiB / 2.5GiB	0.57%
23:02:20	judge-recheck-db-1	130.7MiB / 2GiB	2.78%
23:02:22	judge-recheck-caddy-1	48.09MiB / 256MiB	0.11%
23:02:22	judge-recheck-worker-1	906.3MiB / 1.5GiB	0.18%
23:02:22	judge-recheck-api-1	1.327GiB / 2.5GiB	0.48%
23:02:22	judge-recheck-db-1	130.7MiB / 2GiB	0.07%
23:02:24	judge-recheck-caddy-1	47.84MiB / 256MiB	0.10%
23:02:24	judge-recheck-worker-1	906.4MiB / 1.5GiB	0.14%
23:02:24	judge-recheck-api-1	1.327GiB / 2.5GiB	0.48%
23:02:24	judge-recheck-db-1	130.6MiB / 2GiB	0.04%
23:02:26	judge-recheck-caddy-1	48.1MiB / 256MiB	0.08%
23:02:26	judge-recheck-worker-1	906.1MiB / 1.5GiB	0.05%
23:02:26	judge-recheck-api-1	1.327GiB / 2.5GiB	0.35%
23:02:26	judge-recheck-db-1	130.8MiB / 2GiB	0.02%
23:02:28	judge-recheck-caddy-1	48.03MiB / 256MiB	0.16%
23:02:28	judge-recheck-worker-1	906.4MiB / 1.5GiB	0.38%
23:02:28	judge-recheck-api-1	1.327GiB / 2.5GiB	0.64%
23:02:28	judge-recheck-db-1	130.7MiB / 2GiB	0.16%
23:02:30	judge-recheck-caddy-1	48.02MiB / 256MiB	0.14%
23:02:30	judge-recheck-worker-1	906.4MiB / 1.5GiB	0.18%
23:02:30	judge-recheck-api-1	1.328GiB / 2.5GiB	0.50%
23:02:30	judge-recheck-db-1	130.9MiB / 2GiB	2.77%
23:02:32	judge-recheck-caddy-1	48.19MiB / 256MiB	0.18%
23:02:32	judge-recheck-worker-1	906.4MiB / 1.5GiB	0.20%
23:02:32	judge-recheck-api-1	1.328GiB / 2.5GiB	0.59%
23:02:32	judge-recheck-db-1	130.6MiB / 2GiB	0.07%
23:02:34	judge-recheck-caddy-1	48.43MiB / 256MiB	0.17%
23:02:34	judge-recheck-worker-1	906.4MiB / 1.5GiB	0.18%
23:02:34	judge-recheck-api-1	1.328GiB / 2.5GiB	0.64%
23:02:34	judge-recheck-db-1	130.9MiB / 2GiB	0.06%
23:02:36	judge-recheck-caddy-1	48.28MiB / 256MiB	0.14%
23:02:36	judge-recheck-worker-1	906.4MiB / 1.5GiB	0.17%
23:02:36	judge-recheck-api-1	1.328GiB / 2.5GiB	0.45%
23:02:36	judge-recheck-db-1	130.9MiB / 2GiB	0.06%
23:02:38	judge-recheck-caddy-1	48.02MiB / 256MiB	0.17%
23:02:38	judge-recheck-worker-1	906.1MiB / 1.5GiB	0.29%
23:02:38	judge-recheck-api-1	1.328GiB / 2.5GiB	0.64%
23:02:38	judge-recheck-db-1	131MiB / 2GiB	0.12%
23:02:40	judge-recheck-caddy-1	48.11MiB / 256MiB	0.16%
23:02:40	judge-recheck-worker-1	906.4MiB / 1.5GiB	0.12%
23:02:40	judge-recheck-api-1	1.328GiB / 2.5GiB	0.56%
23:02:40	judge-recheck-db-1	130.8MiB / 2GiB	2.65%
23:02:42	judge-recheck-caddy-1	46.12MiB / 256MiB	2.14%
23:02:42	judge-recheck-worker-1	906.4MiB / 1.5GiB	0.05%
23:02:42	judge-recheck-api-1	1.328GiB / 2.5GiB	0.49%
23:02:42	judge-recheck-db-1	130.6MiB / 2GiB	0.02%
23:02:44	judge-recheck-caddy-1	45.74MiB / 256MiB	0.19%
23:02:44	judge-recheck-worker-1	906.4MiB / 1.5GiB	0.05%
23:02:44	judge-recheck-api-1	1.328GiB / 2.5GiB	0.66%
23:02:44	judge-recheck-db-1	131MiB / 2GiB	0.02%
23:02:46	judge-recheck-caddy-1	46.24MiB / 256MiB	0.12%
23:02:46	judge-recheck-worker-1	906.2MiB / 1.5GiB	0.05%
23:02:46	judge-recheck-api-1	1.328GiB / 2.5GiB	0.41%
23:02:46	judge-recheck-db-1	130.7MiB / 2GiB	0.02%
23:02:48	judge-recheck-caddy-1	45.57MiB / 256MiB	0.14%
23:02:48	judge-recheck-worker-1	906.1MiB / 1.5GiB	0.08%
23:02:48	judge-recheck-api-1	1.328GiB / 2.5GiB	0.54%
23:02:48	judge-recheck-db-1	131.2MiB / 2GiB	0.05%
23:02:50	judge-recheck-caddy-1	45.66MiB / 256MiB	0.14%
23:02:50	judge-recheck-worker-1	906.4MiB / 1.5GiB	0.17%
23:02:50	judge-recheck-api-1	1.329GiB / 2.5GiB	0.51%
23:02:50	judge-recheck-db-1	130.7MiB / 2GiB	2.77%
23:02:52	judge-recheck-caddy-1	45.82MiB / 256MiB	1.19%
23:02:52	judge-recheck-worker-1	906.5MiB / 1.5GiB	0.05%
23:02:52	judge-recheck-api-1	1.329GiB / 2.5GiB	1.48%
23:02:52	judge-recheck-db-1	130.8MiB / 2GiB	0.33%
23:02:54	judge-recheck-caddy-1	45.75MiB / 256MiB	0.16%
23:02:54	judge-recheck-worker-1	906.5MiB / 1.5GiB	0.12%
23:02:54	judge-recheck-api-1	1.329GiB / 2.5GiB	0.59%
23:02:54	judge-recheck-db-1	130.8MiB / 2GiB	0.04%
23:02:56	judge-recheck-caddy-1	46MiB / 256MiB	0.16%
23:02:56	judge-recheck-worker-1	906.2MiB / 1.5GiB	0.20%
23:02:56	judge-recheck-api-1	1.329GiB / 2.5GiB	0.53%
23:02:56	judge-recheck-db-1	130.7MiB / 2GiB	0.08%
23:02:58	judge-recheck-caddy-1	45.91MiB / 256MiB	0.20%
23:02:58	judge-recheck-worker-1	906.2MiB / 1.5GiB	0.34%
23:02:58	judge-recheck-api-1	1.329GiB / 2.5GiB	0.79%
23:02:58	judge-recheck-db-1	130.8MiB / 2GiB	0.10%
23:03:00	judge-recheck-caddy-1	45.79MiB / 256MiB	0.11%
23:03:00	judge-recheck-worker-1	906.2MiB / 1.5GiB	0.13%
23:03:00	judge-recheck-api-1	1.329GiB / 2.5GiB	0.44%
23:03:00	judge-recheck-db-1	130.6MiB / 2GiB	2.67%
23:03:02	judge-recheck-caddy-1	45.82MiB / 256MiB	1.27%
23:03:02	judge-recheck-worker-1	906.5MiB / 1.5GiB	0.09%
23:03:02	judge-recheck-api-1	1.329GiB / 2.5GiB	5.01%
23:03:02	judge-recheck-db-1	130.6MiB / 2GiB	0.32%
23:03:04	judge-recheck-caddy-1	45.74MiB / 256MiB	0.14%
23:03:04	judge-recheck-worker-1	906.5MiB / 1.5GiB	0.23%
23:03:04	judge-recheck-api-1	1.33GiB / 2.5GiB	0.50%
23:03:04	judge-recheck-db-1	130.8MiB / 2GiB	0.09%
23:03:06	judge-recheck-caddy-1	45.64MiB / 256MiB	0.15%
23:03:06	judge-recheck-worker-1	906.5MiB / 1.5GiB	0.23%
23:03:06	judge-recheck-api-1	1.33GiB / 2.5GiB	0.58%
23:03:06	judge-recheck-db-1	131MiB / 2GiB	0.08%
23:03:08	judge-recheck-caddy-1	45.62MiB / 256MiB	0.18%
23:03:08	judge-recheck-worker-1	906.5MiB / 1.5GiB	0.21%
23:03:08	judge-recheck-api-1	1.33GiB / 2.5GiB	0.66%
23:03:08	judge-recheck-db-1	130.8MiB / 2GiB	0.07%
23:03:10	judge-recheck-caddy-1	45.87MiB / 256MiB	0.14%
23:03:10	judge-recheck-worker-1	906.5MiB / 1.5GiB	0.22%
23:03:10	judge-recheck-api-1	1.33GiB / 2.5GiB	0.53%
23:03:10	judge-recheck-db-1	131.2MiB / 2GiB	2.76%
23:03:12	judge-recheck-caddy-1	45.75MiB / 256MiB	0.97%
23:03:12	judge-recheck-worker-1	906.7MiB / 1.5GiB	0.20%
23:03:12	judge-recheck-api-1	1.33GiB / 2.5GiB	7.26%
23:03:12	judge-recheck-db-1	130.8MiB / 2GiB	0.40%
23:03:14	judge-recheck-caddy-1	45.91MiB / 256MiB	0.16%
23:03:14	judge-recheck-worker-1	906.7MiB / 1.5GiB	0.20%
23:03:14	judge-recheck-api-1	1.33GiB / 2.5GiB	0.58%
23:03:14	judge-recheck-db-1	130.8MiB / 2GiB	0.07%
23:03:16	judge-recheck-caddy-1	45.91MiB / 256MiB	0.14%
23:03:16	judge-recheck-worker-1	906.7MiB / 1.5GiB	0.20%
23:03:16	judge-recheck-api-1	1.33GiB / 2.5GiB	0.58%
23:03:16	judge-recheck-db-1	130.9MiB / 2GiB	0.08%
23:03:18	judge-recheck-caddy-1	45.8MiB / 256MiB	0.10%
23:03:18	judge-recheck-worker-1	906.3MiB / 1.5GiB	0.19%
23:03:18	judge-recheck-api-1	1.331GiB / 2.5GiB	0.45%
23:03:18	judge-recheck-db-1	130.8MiB / 2GiB	0.06%
23:03:20	judge-recheck-caddy-1	45.79MiB / 256MiB	0.16%
23:03:20	judge-recheck-worker-1	906.3MiB / 1.5GiB	0.21%
23:03:20	judge-recheck-api-1	1.331GiB / 2.5GiB	0.62%
23:03:20	judge-recheck-db-1	130.9MiB / 2GiB	2.58%
23:03:22	judge-recheck-caddy-1	45.97MiB / 256MiB	1.03%
23:03:22	judge-recheck-worker-1	906.3MiB / 1.5GiB	0.29%
23:03:22	judge-recheck-api-1	1.331GiB / 2.5GiB	9.51%
23:03:22	judge-recheck-db-1	130.7MiB / 2GiB	0.39%
23:03:25	judge-recheck-caddy-1	46.11MiB / 256MiB	0.14%
23:03:25	judge-recheck-worker-1	906.2MiB / 1.5GiB	0.19%
23:03:25	judge-recheck-api-1	1.33GiB / 2.5GiB	0.52%
23:03:25	judge-recheck-db-1	130.9MiB / 2GiB	0.07%
23:03:27	judge-recheck-caddy-1	46.25MiB / 256MiB	0.18%
23:03:27	judge-recheck-worker-1	906.5MiB / 1.5GiB	0.24%
23:03:27	judge-recheck-api-1	1.331GiB / 2.5GiB	0.65%
23:03:27	judge-recheck-db-1	131.1MiB / 2GiB	0.06%
23:03:29	judge-recheck-caddy-1	45.88MiB / 256MiB	0.15%
23:03:29	judge-recheck-worker-1	906.5MiB / 1.5GiB	0.12%
23:03:29	judge-recheck-api-1	1.331GiB / 2.5GiB	0.55%
23:03:29	judge-recheck-db-1	131.1MiB / 2GiB	0.04%
23:03:31	judge-recheck-caddy-1	46.13MiB / 256MiB	0.12%
23:03:31	judge-recheck-worker-1	906.2MiB / 1.5GiB	0.22%
23:03:31	judge-recheck-api-1	1.331GiB / 2.5GiB	0.50%
23:03:31	judge-recheck-db-1	130.9MiB / 2GiB	2.67%
23:03:33	judge-recheck-caddy-1	45.87MiB / 256MiB	1.00%
23:03:33	judge-recheck-worker-1	906.5MiB / 1.5GiB	0.05%
23:03:33	judge-recheck-api-1	1.331GiB / 2.5GiB	12.37%
23:03:33	judge-recheck-db-1	130.7MiB / 2GiB	0.33%
23:03:35	judge-recheck-caddy-1	46.12MiB / 256MiB	0.21%
23:03:35	judge-recheck-worker-1	906.2MiB / 1.5GiB	0.23%
23:03:35	judge-recheck-api-1	1.331GiB / 2.5GiB	0.66%
23:03:35	judge-recheck-db-1	130.8MiB / 2GiB	0.09%
23:03:37	judge-recheck-caddy-1	45.9MiB / 256MiB	0.19%
23:03:37	judge-recheck-worker-1	906.2MiB / 1.5GiB	0.20%
23:03:37	judge-recheck-api-1	1.331GiB / 2.5GiB	0.74%
23:03:37	judge-recheck-db-1	130.6MiB / 2GiB	0.09%
23:03:39	judge-recheck-caddy-1	45.8MiB / 256MiB	0.22%
23:03:39	judge-recheck-worker-1	906.5MiB / 1.5GiB	0.13%
23:03:39	judge-recheck-api-1	1.332GiB / 2.5GiB	0.74%
23:03:39	judge-recheck-db-1	130.6MiB / 2GiB	0.04%
23:03:41	judge-recheck-caddy-1	45.96MiB / 256MiB	0.11%
23:03:41	judge-recheck-worker-1	906.5MiB / 1.5GiB	0.27%
23:03:41	judge-recheck-api-1	1.332GiB / 2.5GiB	0.42%
23:03:41	judge-recheck-db-1	131MiB / 2GiB	2.63%
23:03:43	judge-recheck-caddy-1	45.82MiB / 256MiB	0.99%
23:03:43	judge-recheck-worker-1	906.5MiB / 1.5GiB	0.22%
23:03:43	judge-recheck-api-1	1.332GiB / 2.5GiB	15.27%
23:03:43	judge-recheck-db-1	130.9MiB / 2GiB	0.65%
23:03:45	judge-recheck-caddy-1	45.7MiB / 256MiB	0.22%
23:03:45	judge-recheck-worker-1	906.5MiB / 1.5GiB	0.21%
23:03:45	judge-recheck-api-1	1.332GiB / 2.5GiB	0.57%
23:03:45	judge-recheck-db-1	130.8MiB / 2GiB	0.08%
23:03:47	judge-recheck-caddy-1	45.95MiB / 256MiB	0.13%
23:03:47	judge-recheck-worker-1	913.5MiB / 1.5GiB	3.60%
23:03:47	judge-recheck-api-1	1.332GiB / 2.5GiB	0.57%
23:03:47	judge-recheck-db-1	130.7MiB / 2GiB	0.07%
23:03:49	judge-recheck-caddy-1	45.84MiB / 256MiB	0.17%
23:03:49	judge-recheck-worker-1	906.5MiB / 1.5GiB	0.21%
23:03:49	judge-recheck-api-1	1.332GiB / 2.5GiB	0.58%
23:03:49	judge-recheck-db-1	130.7MiB / 2GiB	0.07%
23:03:51	judge-recheck-caddy-1	46.07MiB / 256MiB	0.18%
23:03:51	judge-recheck-worker-1	906.4MiB / 1.5GiB	0.19%
23:03:51	judge-recheck-api-1	1.332GiB / 2.5GiB	0.61%
23:03:51	judge-recheck-db-1	130.7MiB / 2GiB	2.80%
23:03:53	judge-recheck-caddy-1	45.79MiB / 256MiB	0.97%
23:03:53	judge-recheck-worker-1	906.2MiB / 1.5GiB	0.11%
23:03:53	judge-recheck-api-1	1.333GiB / 2.5GiB	16.44%
23:03:53	judge-recheck-db-1	130.5MiB / 2GiB	0.36%
23:03:55	judge-recheck-caddy-1	45.85MiB / 256MiB	0.20%
23:03:55	judge-recheck-worker-1	906.2MiB / 1.5GiB	0.20%
23:03:55	judge-recheck-api-1	1.332GiB / 2.5GiB	0.66%
23:03:55	judge-recheck-db-1	130.7MiB / 2GiB	0.08%
23:03:57	judge-recheck-caddy-1	46MiB / 256MiB	0.15%
23:03:57	judge-recheck-worker-1	906.2MiB / 1.5GiB	0.11%
23:03:57	judge-recheck-api-1	1.333GiB / 2.5GiB	0.55%
23:03:57	judge-recheck-db-1	130.9MiB / 2GiB	0.04%
23:03:59	judge-recheck-caddy-1	45.76MiB / 256MiB	0.17%
23:03:59	judge-recheck-worker-1	906.2MiB / 1.5GiB	0.05%
23:03:59	judge-recheck-api-1	1.333GiB / 2.5GiB	0.44%
23:03:59	judge-recheck-db-1	130.9MiB / 2GiB	0.02%
23:04:01	judge-recheck-caddy-1	45.74MiB / 256MiB	0.17%
23:04:01	judge-recheck-worker-1	906.2MiB / 1.5GiB	0.05%
23:04:01	judge-recheck-api-1	1.333GiB / 2.5GiB	0.56%
23:04:01	judge-recheck-db-1	130.6MiB / 2GiB	2.48%
23:04:03	judge-recheck-caddy-1	45.89MiB / 256MiB	0.13%
23:04:03	judge-recheck-worker-1	906.2MiB / 1.5GiB	0.05%
23:04:03	judge-recheck-api-1	1.333GiB / 2.5GiB	15.92%
23:04:03	judge-recheck-db-1	131MiB / 2GiB	0.58%
23:04:05	judge-recheck-caddy-1	45.73MiB / 256MiB	0.18%
23:04:05	judge-recheck-worker-1	906.5MiB / 1.5GiB	0.13%
23:04:05	judge-recheck-api-1	1.333GiB / 2.5GiB	0.61%
23:04:05	judge-recheck-db-1	134.1MiB / 2GiB	0.78%
23:04:07	judge-recheck-caddy-1	45.98MiB / 256MiB	0.08%
23:04:07	judge-recheck-worker-1	906.5MiB / 1.5GiB	0.21%
23:04:07	judge-recheck-api-1	1.333GiB / 2.5GiB	0.40%
23:04:07	judge-recheck-db-1	130.9MiB / 2GiB	0.07%
23:04:09	judge-recheck-caddy-1	45.97MiB / 256MiB	0.10%
23:04:09	judge-recheck-worker-1	906.2MiB / 1.5GiB	0.06%
23:04:09	judge-recheck-api-1	1.334GiB / 2.5GiB	0.39%
23:04:09	judge-recheck-db-1	130.9MiB / 2GiB	0.02%
23:04:11	judge-recheck-caddy-1	45.75MiB / 256MiB	0.11%
23:04:11	judge-recheck-worker-1	906.5MiB / 1.5GiB	0.20%
23:04:11	judge-recheck-api-1	1.334GiB / 2.5GiB	0.48%
23:04:11	judge-recheck-db-1	130.8MiB / 2GiB	0.09%
23:04:13	judge-recheck-caddy-1	45.68MiB / 256MiB	0.11%
23:04:13	judge-recheck-worker-1	906.5MiB / 1.5GiB	0.06%
23:04:13	judge-recheck-api-1	1.334GiB / 2.5GiB	16.38%
23:04:13	judge-recheck-db-1	130.8MiB / 2GiB	0.32%
23:04:15	judge-recheck-caddy-1	45.68MiB / 256MiB	0.17%
23:04:15	judge-recheck-worker-1	906.5MiB / 1.5GiB	0.20%
23:04:15	judge-recheck-api-1	1.334GiB / 2.5GiB	0.51%
23:04:15	judge-recheck-db-1	130.9MiB / 2GiB	3.01%
23:04:17	judge-recheck-caddy-1	45.98MiB / 256MiB	0.15%
23:04:17	judge-recheck-worker-1	906.5MiB / 1.5GiB	6.76%
23:04:17	judge-recheck-api-1	1.334GiB / 2.5GiB	0.50%
23:04:17	judge-recheck-db-1	130.8MiB / 2GiB	0.07%
23:04:19	judge-recheck-caddy-1	45.63MiB / 256MiB	0.17%
23:04:19	judge-recheck-worker-1	906.6MiB / 1.5GiB	0.20%
23:04:19	judge-recheck-api-1	1.334GiB / 2.5GiB	0.58%
23:04:19	judge-recheck-db-1	130.7MiB / 2GiB	0.07%
23:04:21	judge-recheck-caddy-1	45.88MiB / 256MiB	0.12%
23:04:21	judge-recheck-worker-1	906.6MiB / 1.5GiB	0.20%
23:04:21	judge-recheck-api-1	1.334GiB / 2.5GiB	0.59%
23:04:21	judge-recheck-db-1	130.9MiB / 2GiB	0.09%
23:04:23	judge-recheck-caddy-1	45.62MiB / 256MiB	0.12%
23:04:23	judge-recheck-worker-1	906.6MiB / 1.5GiB	0.05%
23:04:23	judge-recheck-api-1	1.334GiB / 2.5GiB	16.25%
23:04:23	judge-recheck-db-1	130.6MiB / 2GiB	0.49%
23:04:25	judge-recheck-caddy-1	45.91MiB / 256MiB	0.23%
23:04:25	judge-recheck-worker-1	906.5MiB / 1.5GiB	0.24%
23:04:25	judge-recheck-api-1	1.335GiB / 2.5GiB	0.63%
23:04:25	judge-recheck-db-1	130.9MiB / 2GiB	2.69%
23:04:27	judge-recheck-caddy-1	45.9MiB / 256MiB	0.11%
23:04:27	judge-recheck-worker-1	906.2MiB / 1.5GiB	0.05%
23:04:27	judge-recheck-api-1	1.335GiB / 2.5GiB	0.48%
23:04:27	judge-recheck-db-1	130.8MiB / 2GiB	0.02%
23:04:29	judge-recheck-caddy-1	45.72MiB / 256MiB	0.03%
23:04:29	judge-recheck-worker-1	906.2MiB / 1.5GiB	0.19%
23:04:29	judge-recheck-api-1	1.441GiB / 2.5GiB	74.19%
23:04:29	judge-recheck-db-1	131.1MiB / 2GiB	0.21%
23:04:31	judge-recheck-caddy-1	45.39MiB / 256MiB	0.03%
23:04:31	judge-recheck-worker-1	906MiB / 1.5GiB	0.08%
23:04:31	judge-recheck-api-1	1.381GiB / 2.5GiB	9.78%
23:04:31	judge-recheck-db-1	134.5MiB / 2GiB	53.03%
23:04:33	judge-recheck-caddy-1	45.87MiB / 256MiB	0.00%
23:04:33	judge-recheck-worker-1	906.7MiB / 1.5GiB	54.40%
23:04:33	judge-recheck-api-1	1.381GiB / 2.5GiB	15.83%
23:04:33	judge-recheck-db-1	135.3MiB / 2GiB	1.61%
23:04:36	judge-recheck-caddy-1	45.76MiB / 256MiB	0.02%
23:04:36	judge-recheck-worker-1	906.7MiB / 1.5GiB	0.18%
23:04:36	judge-recheck-api-1	1.381GiB / 2.5GiB	0.15%
23:04:36	judge-recheck-db-1	135.5MiB / 2GiB	2.77%
