05:59:47	fin-oom-worker-1 842.8MiB / 1.5GiB 0.57%|fin-oom-api-1 922.6MiB / 7.749GiB 0.22%|
05:59:50	fin-oom-worker-1 842.5MiB / 1.5GiB 2.07%|fin-oom-api-1 923MiB / 7.749GiB 1.71%|
05:59:52	fin-oom-worker-1 842.5MiB / 1.5GiB 0.81%|fin-oom-api-1 923MiB / 7.749GiB 0.23%|
05:59:54	fin-oom-worker-1 842.5MiB / 1.5GiB 0.11%|fin-oom-api-1 923.1MiB / 7.749GiB 16.56%|
05:59:56	fin-oom-worker-1 842.5MiB / 1.5GiB 0.62%|fin-oom-api-1 923MiB / 7.749GiB 0.22%|
05:59:58	fin-oom-worker-1 842.5MiB / 1.5GiB 0.65%|fin-oom-api-1 923MiB / 7.749GiB 0.15%|
06:00:00	fin-oom-worker-1 842.5MiB / 1.5GiB 0.63%|fin-oom-api-1 922.9MiB / 7.749GiB 0.25%|
06:00:02	fin-oom-worker-1 842.5MiB / 1.5GiB 0.46%|fin-oom-api-1 922.9MiB / 7.749GiB 0.21%|
06:00:04	fin-oom-worker-1 842.5MiB / 1.5GiB 0.76%|fin-oom-api-1 931.6MiB / 7.749GiB 5.20%|
06:00:06	fin-oom-worker-1 842.5MiB / 1.5GiB 0.65%|fin-oom-api-1 923.1MiB / 7.749GiB 0.19%|
06:00:08	fin-oom-worker-1 842.5MiB / 1.5GiB 0.12%|fin-oom-api-1 923.1MiB / 7.749GiB 0.16%|
06:00:10	fin-oom-worker-1 842.5MiB / 1.5GiB 0.41%|fin-oom-api-1 922.8MiB / 7.749GiB 15.68%|
06:00:12	fin-oom-worker-1 842.5MiB / 1.5GiB 0.47%|fin-oom-api-1 922.8MiB / 7.749GiB 0.21%|
06:00:14	fin-oom-worker-1 842.5MiB / 1.5GiB 0.62%|fin-oom-api-1 922.8MiB / 7.749GiB 0.21%|
06:00:16	fin-oom-worker-1 842.5MiB / 1.5GiB 0.57%|fin-oom-api-1 923MiB / 7.749GiB 0.25%|
06:00:18	fin-oom-worker-1 842.5MiB / 1.5GiB 0.52%|fin-oom-api-1 923MiB / 7.749GiB 0.22%|
06:00:20	fin-oom-worker-1 842.5MiB / 1.5GiB 0.72%|fin-oom-api-1 922.9MiB / 7.749GiB 16.77%|
06:00:22	fin-oom-worker-1 842.5MiB / 1.5GiB 0.63%|fin-oom-api-1 922.9MiB / 7.749GiB 0.24%|
06:00:24	fin-oom-worker-1 842.5MiB / 1.5GiB 0.50%|fin-oom-api-1 922.9MiB / 7.749GiB 0.16%|
06:00:26	fin-oom-worker-1 842.5MiB / 1.5GiB 0.47%|fin-oom-api-1 923.1MiB / 7.749GiB 0.26%|
06:00:28	fin-oom-worker-1 842.5MiB / 1.5GiB 0.48%|fin-oom-api-1 923.1MiB / 7.749GiB 0.24%|
06:00:30	fin-oom-worker-1 842.5MiB / 1.5GiB 0.11%|fin-oom-api-1 922.9MiB / 7.749GiB 16.68%|
06:00:32	fin-oom-worker-1 842.5MiB / 1.5GiB 0.63%|fin-oom-api-1 922.8MiB / 7.749GiB 0.22%|
06:00:34	fin-oom-worker-1 842.5MiB / 1.5GiB 0.36%|fin-oom-api-1 922.8MiB / 7.749GiB 0.14%|
06:00:36	fin-oom-worker-1 842.5MiB / 1.5GiB 0.67%|fin-oom-api-1 922.9MiB / 7.749GiB 0.20%|
06:00:38	fin-oom-worker-1 842.5MiB / 1.5GiB 0.46%|fin-oom-api-1 922.9MiB / 7.749GiB 0.20%|
06:00:40	fin-oom-worker-1 842.5MiB / 1.5GiB 0.63%|fin-oom-api-1 932.1MiB / 7.749GiB 6.62%|
06:00:42	fin-oom-worker-1 842.5MiB / 1.5GiB 0.55%|fin-oom-api-1 922.9MiB / 7.749GiB 0.23%|
06:00:44	fin-oom-worker-1 842.5MiB / 1.5GiB 0.14%|fin-oom-api-1 922.9MiB / 7.749GiB 0.18%|
06:00:46	fin-oom-worker-1 842.5MiB / 1.5GiB 0.43%|fin-oom-api-1 922.8MiB / 7.749GiB 15.75%|
06:00:48	fin-oom-worker-1 842.5MiB / 1.5GiB 0.59%|fin-oom-api-1 922.8MiB / 7.749GiB 0.21%|
06:00:50	fin-oom-worker-1 842.5MiB / 1.5GiB 0.74%|fin-oom-api-1 922.8MiB / 7.749GiB 0.26%|
06:00:52	fin-oom-worker-1 842.5MiB / 1.5GiB 0.84%|fin-oom-api-1 923MiB / 7.749GiB 0.23%|
06:00:54	fin-oom-worker-1 842.5MiB / 1.5GiB 0.53%|fin-oom-api-1 923MiB / 7.749GiB 0.20%|
06:00:56	fin-oom-worker-1 842.5MiB / 1.5GiB 0.55%|fin-oom-api-1 922.9MiB / 7.749GiB 16.39%|
06:00:58	fin-oom-worker-1 842.5MiB / 1.5GiB 0.64%|fin-oom-api-1 922.9MiB / 7.749GiB 0.21%|
06:01:00	fin-oom-worker-1 842.5MiB / 1.5GiB 0.43%|fin-oom-api-1 922.9MiB / 7.749GiB 0.19%|
06:01:02	fin-oom-worker-1 842.5MiB / 1.5GiB 0.27%|fin-oom-api-1 922.9MiB / 7.749GiB 0.20%|
06:01:04	fin-oom-worker-1 842.5MiB / 1.5GiB 0.19%|fin-oom-api-1 922.9MiB / 7.749GiB 0.20%|
06:01:06	fin-oom-worker-1 842.5MiB / 1.5GiB 0.12%|fin-oom-api-1 922.8MiB / 7.749GiB 16.94%|
06:01:08	fin-oom-worker-1 842.5MiB / 1.5GiB 0.19%|fin-oom-api-1 922.8MiB / 7.749GiB 0.17%|
06:01:10	fin-oom-worker-1 842.5MiB / 1.5GiB 0.48%|fin-oom-api-1 922.8MiB / 7.749GiB 0.16%|
06:01:12	fin-oom-worker-1 842.5MiB / 1.5GiB 0.68%|fin-oom-api-1 923MiB / 7.749GiB 0.19%|
06:01:15	fin-oom-worker-1 842.5MiB / 1.5GiB 0.72%|fin-oom-api-1 923MiB / 7.749GiB 0.24%|
06:01:17	fin-oom-worker-1 842.5MiB / 1.5GiB 0.64%|fin-oom-api-1 931.8MiB / 7.749GiB 6.52%|
06:01:19	fin-oom-worker-1 842.5MiB / 1.5GiB 0.62%|fin-oom-api-1 923.2MiB / 7.749GiB 0.24%|
06:01:21	fin-oom-worker-1 842.5MiB / 1.5GiB 0.55%|fin-oom-api-1 923.2MiB / 7.749GiB 0.16%|
06:01:23	fin-oom-worker-1 842.5MiB / 1.5GiB 0.82%|fin-oom-api-1 922.9MiB / 7.749GiB 16.11%|
06:01:25	fin-oom-worker-1 842.5MiB / 1.5GiB 0.30%|fin-oom-api-1 922.9MiB / 7.749GiB 0.24%|
06:01:27	fin-oom-worker-1 842.5MiB / 1.5GiB 0.44%|fin-oom-api-1 922.9MiB / 7.749GiB 0.21%|
06:01:29	fin-oom-worker-1 842.5MiB / 1.5GiB 0.61%|fin-oom-api-1 923MiB / 7.749GiB 0.19%|
06:01:31	fin-oom-worker-1 842.5MiB / 1.5GiB 0.11%|fin-oom-api-1 923MiB / 7.749GiB 0.16%|
06:01:33	fin-oom-worker-1 842.5MiB / 1.5GiB 0.70%|fin-oom-api-1 923MiB / 7.749GiB 16.08%|
06:01:35	fin-oom-worker-1 842.5MiB / 1.5GiB 0.58%|fin-oom-api-1 923MiB / 7.749GiB 0.15%|
06:01:37	fin-oom-worker-1 842.5MiB / 1.5GiB 0.62%|fin-oom-api-1 923MiB / 7.749GiB 0.14%|
06:01:39	fin-oom-worker-1 842.5MiB / 1.5GiB 0.40%|fin-oom-api-1 923.2MiB / 7.749GiB 0.16%|
06:01:41	fin-oom-worker-1 842.5MiB / 1.5GiB 0.24%|fin-oom-api-1 923.2MiB / 7.749GiB 0.20%|
06:01:43	fin-oom-worker-1 842.5MiB / 1.5GiB 0.49%|fin-oom-api-1 923.2MiB / 7.749GiB 16.79%|
06:01:45	fin-oom-worker-1 842.5MiB / 1.5GiB 0.50%|fin-oom-api-1 923.2MiB / 7.749GiB 0.21%|
06:01:47	fin-oom-worker-1 842.5MiB / 1.5GiB 0.37%|fin-oom-api-1 923.2MiB / 7.749GiB 0.18%|
06:01:49	fin-oom-worker-1 842.5MiB / 1.5GiB 0.03%|fin-oom-api-1 923.1MiB / 7.749GiB 0.21%|
06:01:51	fin-oom-worker-1 842.5MiB / 1.5GiB 0.39%|fin-oom-api-1 923.1MiB / 7.749GiB 0.22%|
06:01:53	fin-oom-worker-1 842.5MiB / 1.5GiB 0.60%|fin-oom-api-1 933.1MiB / 7.749GiB 5.64%|
06:01:55	fin-oom-worker-1 842.5MiB / 1.5GiB 0.57%|fin-oom-api-1 923.1MiB / 7.749GiB 0.28%|
06:01:57	fin-oom-worker-1 842.5MiB / 1.5GiB 0.48%|fin-oom-api-1 923.1MiB / 7.749GiB 0.19%|
06:01:59	fin-oom-worker-1 842.5MiB / 1.5GiB 0.45%|fin-oom-api-1 923MiB / 7.749GiB 16.10%|
06:02:01	fin-oom-worker-1 842.5MiB / 1.5GiB 0.69%|fin-oom-api-1 923MiB / 7.749GiB 0.26%|
06:02:03	fin-oom-worker-1 842.5MiB / 1.5GiB 0.20%|fin-oom-api-1 923MiB / 7.749GiB 0.24%|
06:02:05	fin-oom-worker-1 842.5MiB / 1.5GiB 0.67%|fin-oom-api-1 923.2MiB / 7.749GiB 0.24%|
06:02:07	fin-oom-worker-1 842.5MiB / 1.5GiB 0.29%|fin-oom-api-1 923.2MiB / 7.749GiB 0.24%|
06:02:09	fin-oom-worker-1 842.5MiB / 1.5GiB 0.26%|fin-oom-api-1 923.1MiB / 7.749GiB 16.52%|
06:02:11	fin-oom-worker-1 842.5MiB / 1.5GiB 0.44%|fin-oom-api-1 923.1MiB / 7.749GiB 0.29%|
06:02:13	fin-oom-worker-1 842.5MiB / 1.5GiB 0.46%|fin-oom-api-1 923.1MiB / 7.749GiB 0.18%|
06:02:15	fin-oom-worker-1 842.5MiB / 1.5GiB 0.69%|fin-oom-api-1 923.2MiB / 7.749GiB 0.20%|
06:02:17	fin-oom-worker-1 842.5MiB / 1.5GiB 0.61%|fin-oom-api-1 923.2MiB / 7.749GiB 0.23%|
06:02:19	fin-oom-worker-1 842.5MiB / 1.5GiB 0.59%|fin-oom-api-1 922.9MiB / 7.749GiB 16.66%|
06:02:21	fin-oom-worker-1 842.5MiB / 1.5GiB 0.59%|fin-oom-api-1 922.9MiB / 7.749GiB 0.20%|
06:02:23	fin-oom-worker-1 842.5MiB / 1.5GiB 0.73%|fin-oom-api-1 922.9MiB / 7.749GiB 0.20%|
06:02:25	fin-oom-worker-1 842.5MiB / 1.5GiB 0.29%|fin-oom-api-1 922.9MiB / 7.749GiB 0.18%|
06:02:27	fin-oom-worker-1 842.5MiB / 1.5GiB 0.67%|fin-oom-api-1 922.9MiB / 7.749GiB 0.18%|
06:02:29	fin-oom-worker-1 842.5MiB / 1.5GiB 0.53%|fin-oom-api-1 932.2MiB / 7.749GiB 9.02%|
06:02:31	fin-oom-worker-1 842.5MiB / 1.5GiB 0.54%|fin-oom-api-1 922.8MiB / 7.749GiB 0.20%|
06:02:33	fin-oom-worker-1 842.5MiB / 1.5GiB 0.33%|fin-oom-api-1 922.8MiB / 7.749GiB 0.16%|
06:02:35	fin-oom-worker-1 842.5MiB / 1.5GiB 0.29%|fin-oom-api-1 923MiB / 7.749GiB 14.91%|
06:02:37	fin-oom-worker-1 842.5MiB / 1.5GiB 0.39%|fin-oom-api-1 923MiB / 7.749GiB 0.23%|
06:02:39	fin-oom-worker-1 842.5MiB / 1.5GiB 0.35%|fin-oom-api-1 923MiB / 7.749GiB 0.21%|
06:02:41	fin-oom-worker-1 842.5MiB / 1.5GiB 0.50%|fin-oom-api-1 923.2MiB / 7.749GiB 0.22%|
06:02:43	fin-oom-worker-1 842.5MiB / 1.5GiB 0.17%|fin-oom-api-1 923.2MiB / 7.749GiB 0.16%|
06:02:45	fin-oom-worker-1 842.5MiB / 1.5GiB 0.30%|fin-oom-api-1 923.1MiB / 7.749GiB 16.66%|
06:02:47	fin-oom-worker-1 842.5MiB / 1.5GiB 0.61%|fin-oom-api-1 923.1MiB / 7.749GiB 0.22%|
06:02:49	fin-oom-worker-1 842.5MiB / 1.5GiB 0.42%|fin-oom-api-1 923.1MiB / 7.749GiB 0.19%|
06:02:51	fin-oom-worker-1 842.5MiB / 1.5GiB 0.45%|fin-oom-api-1 923.3MiB / 7.749GiB 0.20%|
06:02:53	fin-oom-worker-1 842.5MiB / 1.5GiB 0.50%|fin-oom-api-1 923.3MiB / 7.749GiB 0.22%|
06:02:55	fin-oom-worker-1 842.5MiB / 1.5GiB 0.62%|fin-oom-api-1 923.1MiB / 7.749GiB 17.17%|
06:02:57	fin-oom-worker-1 842.5MiB / 1.5GiB 0.64%|fin-oom-api-1 923.1MiB / 7.749GiB 0.20%|
06:02:59	fin-oom-worker-1 842.5MiB / 1.5GiB 0.57%|fin-oom-api-1 923.1MiB / 7.749GiB 0.15%|
06:03:01	fin-oom-worker-1 842.5MiB / 1.5GiB 0.18%|fin-oom-api-1 923.3MiB / 7.749GiB 0.16%|
06:03:03	fin-oom-worker-1 842.5MiB / 1.5GiB 0.58%|fin-oom-api-1 923.3MiB / 7.749GiB 0.26%|
06:03:05	fin-oom-worker-1 842.5MiB / 1.5GiB 0.62%|fin-oom-api-1 932.2MiB / 7.749GiB 8.49%|
06:03:07	fin-oom-worker-1 842.5MiB / 1.5GiB 0.39%|fin-oom-api-1 923MiB / 7.749GiB 0.24%|
06:03:09	fin-oom-worker-1 842.5MiB / 1.5GiB 0.26%|fin-oom-api-1 923MiB / 7.749GiB 0.20%|
06:03:11	fin-oom-worker-1 842.5MiB / 1.5GiB 0.77%|fin-oom-api-1 923.1MiB / 7.749GiB 15.76%|
06:03:13	fin-oom-worker-1 842.5MiB / 1.5GiB 0.54%|fin-oom-api-1 923.1MiB / 7.749GiB 0.27%|
06:03:15	fin-oom-worker-1 842.5MiB / 1.5GiB 0.53%|fin-oom-api-1 923.1MiB / 7.749GiB 0.23%|
06:03:17	fin-oom-worker-1 842.5MiB / 1.5GiB 0.28%|fin-oom-api-1 922.8MiB / 7.749GiB 0.27%|
06:03:19	fin-oom-worker-1 842.5MiB / 1.5GiB 0.55%|fin-oom-api-1 922.8MiB / 7.749GiB 0.22%|
06:03:21	fin-oom-worker-1 842.5MiB / 1.5GiB 0.77%|fin-oom-api-1 923MiB / 7.749GiB 16.22%|
06:03:23	fin-oom-worker-1 842.5MiB / 1.5GiB 0.58%|fin-oom-api-1 923MiB / 7.749GiB 0.23%|
06:03:25	fin-oom-worker-1 842.5MiB / 1.5GiB 0.20%|fin-oom-api-1 923MiB / 7.749GiB 0.18%|
06:03:27	fin-oom-worker-1 842.5MiB / 1.5GiB 0.50%|fin-oom-api-1 923MiB / 7.749GiB 0.16%|
06:03:30	fin-oom-worker-1 842.5MiB / 1.5GiB 0.61%|fin-oom-api-1 923MiB / 7.749GiB 0.23%|
06:03:32	fin-oom-worker-1 842.5MiB / 1.5GiB 0.68%|fin-oom-api-1 923.2MiB / 7.749GiB 16.40%|
06:03:34	fin-oom-worker-1 842.5MiB / 1.5GiB 0.52%|fin-oom-api-1 923.2MiB / 7.749GiB 0.21%|
06:03:36	fin-oom-worker-1 842.5MiB / 1.5GiB 0.67%|fin-oom-api-1 923.2MiB / 7.749GiB 0.19%|
06:03:38	fin-oom-worker-1 842.5MiB / 1.5GiB 0.37%|fin-oom-api-1 922.9MiB / 7.749GiB 0.21%|
06:03:40	fin-oom-worker-1 842.5MiB / 1.5GiB 0.47%|fin-oom-api-1 922.9MiB / 7.749GiB 0.23%|
06:03:42	fin-oom-worker-1 842.5MiB / 1.5GiB 0.58%|fin-oom-api-1 935.7MiB / 7.749GiB 15.71%|
06:03:44	fin-oom-worker-1 842.5MiB / 1.5GiB 0.46%|fin-oom-api-1 923.1MiB / 7.749GiB 0.21%|
06:03:46	fin-oom-worker-1 842.5MiB / 1.5GiB 0.53%|fin-oom-api-1 923.1MiB / 7.749GiB 0.19%|
06:03:48	fin-oom-worker-1 842.5MiB / 1.5GiB 0.62%|fin-oom-api-1 923MiB / 7.749GiB 16.56%|
06:03:50	fin-oom-worker-1 842.5MiB / 1.5GiB 0.53%|fin-oom-api-1 923MiB / 7.749GiB 0.24%|
06:03:52	fin-oom-worker-1 842.5MiB / 1.5GiB 0.52%|fin-oom-api-1 923MiB / 7.749GiB 0.20%|
06:03:54	fin-oom-worker-1 842.5MiB / 1.5GiB 0.50%|fin-oom-api-1 923MiB / 7.749GiB 0.24%|
06:03:56	fin-oom-worker-1 842.5MiB / 1.5GiB 0.48%|fin-oom-api-1 923MiB / 7.749GiB 0.21%|
06:03:58	fin-oom-worker-1 842.5MiB / 1.5GiB 0.65%|fin-oom-api-1 923.1MiB / 7.749GiB 16.75%|
06:04:00	fin-oom-worker-1 842.5MiB / 1.5GiB 0.72%|fin-oom-api-1 923.1MiB / 7.749GiB 0.32%|
06:04:02	fin-oom-worker-1 842.5MiB / 1.5GiB 0.23%|fin-oom-api-1 923.1MiB / 7.749GiB 0.21%|
06:04:04	fin-oom-worker-1 842.5MiB / 1.5GiB 0.27%|fin-oom-api-1 923.1MiB / 7.749GiB 0.21%|
06:04:06	fin-oom-worker-1 842.5MiB / 1.5GiB 0.26%|fin-oom-api-1 923.1MiB / 7.749GiB 0.23%|
06:04:08	fin-oom-worker-1 842.5MiB / 1.5GiB 0.17%|fin-oom-api-1 923MiB / 7.749GiB 15.58%|
06:04:10	fin-oom-worker-1 842.5MiB / 1.5GiB 0.23%|fin-oom-api-1 923MiB / 7.749GiB 0.28%|
06:04:12	fin-oom-worker-1 842.5MiB / 1.5GiB 0.65%|fin-oom-api-1 923MiB / 7.749GiB 0.20%|
06:04:14	fin-oom-worker-1 842.5MiB / 1.5GiB 0.19%|fin-oom-api-1 922.9MiB / 7.749GiB 0.26%|
06:04:16	fin-oom-worker-1 842.5MiB / 1.5GiB 0.68%|fin-oom-api-1 922.9MiB / 7.749GiB 0.23%|
06:04:18	fin-oom-worker-1 842.5MiB / 1.5GiB 0.47%|fin-oom-api-1 923.3MiB / 7.749GiB 16.53%|
06:04:20	fin-oom-worker-1 842.5MiB / 1.5GiB 0.68%|fin-oom-api-1 923MiB / 7.749GiB 0.26%|
06:04:22	fin-oom-worker-1 842.5MiB / 1.5GiB 0.71%|fin-oom-api-1 923MiB / 7.749GiB 0.19%|
06:04:24	fin-oom-worker-1 842.5MiB / 1.5GiB 0.28%|fin-oom-api-1 922.9MiB / 7.749GiB 14.09%|
06:04:26	fin-oom-worker-1 842.5MiB / 1.5GiB 0.47%|fin-oom-api-1 922.9MiB / 7.749GiB 0.21%|
06:04:28	fin-oom-worker-1 842.5MiB / 1.5GiB 0.37%|fin-oom-api-1 922.9MiB / 7.749GiB 0.21%|
06:04:30	fin-oom-worker-1 842.5MiB / 1.5GiB 0.98%|fin-oom-api-1 923.1MiB / 7.749GiB 0.21%|
06:04:32	fin-oom-worker-1 842.5MiB / 1.5GiB 0.65%|fin-oom-api-1 923.1MiB / 7.749GiB 0.19%|
06:04:34	fin-oom-worker-1 842.5MiB / 1.5GiB 0.44%|fin-oom-api-1 922.8MiB / 7.749GiB 16.66%|
06:04:36	fin-oom-worker-1 842.5MiB / 1.5GiB 0.59%|fin-oom-api-1 922.8MiB / 7.749GiB 0.21%|
06:04:38	fin-oom-worker-1 842.5MiB / 1.5GiB 0.32%|fin-oom-api-1 922.8MiB / 7.749GiB 0.23%|
06:04:40	fin-oom-worker-1 842.5MiB / 1.5GiB 0.32%|fin-oom-api-1 923MiB / 7.749GiB 0.23%|
06:04:42	fin-oom-worker-1 842.5MiB / 1.5GiB 0.20%|fin-oom-api-1 923MiB / 7.749GiB 0.23%|
06:04:44	fin-oom-worker-1 842.5MiB / 1.5GiB 0.56%|fin-oom-api-1 923MiB / 7.749GiB 16.33%|
06:04:46	fin-oom-worker-1 842.5MiB / 1.5GiB 0.50%|fin-oom-api-1 923MiB / 7.749GiB 0.19%|
06:04:48	fin-oom-worker-1 842.5MiB / 1.5GiB 0.49%|fin-oom-api-1 923MiB / 7.749GiB 0.17%|
06:04:50	fin-oom-worker-1 842.7MiB / 1.5GiB 0.43%|fin-oom-api-1 922.9MiB / 7.749GiB 0.24%|
06:04:52	fin-oom-worker-1 842.7MiB / 1.5GiB 0.45%|fin-oom-api-1 922.9MiB / 7.749GiB 0.23%|
06:04:54	fin-oom-worker-1 842.7MiB / 1.5GiB 0.51%|fin-oom-api-1 923.1MiB / 7.749GiB 15.18%|
06:04:56	fin-oom-worker-1 842.7MiB / 1.5GiB 0.32%|fin-oom-api-1 922.8MiB / 7.749GiB 0.18%|
06:04:58	fin-oom-worker-1 842.7MiB / 1.5GiB 0.39%|fin-oom-api-1 922.8MiB / 7.749GiB 0.15%|
06:05:00	fin-oom-worker-1 842.7MiB / 1.5GiB 0.24%|fin-oom-api-1 923.1MiB / 7.749GiB 15.34%|
06:05:02	fin-oom-worker-1 842.7MiB / 1.5GiB 0.49%|fin-oom-api-1 923.1MiB / 7.749GiB 0.20%|
06:05:04	fin-oom-worker-1 842.7MiB / 1.5GiB 0.59%|fin-oom-api-1 923.1MiB / 7.749GiB 0.23%|
06:05:06	fin-oom-worker-1 842.7MiB / 1.5GiB 0.37%|fin-oom-api-1 923.1MiB / 7.749GiB 0.25%|
06:05:08	fin-oom-worker-1 842.7MiB / 1.5GiB 0.69%|fin-oom-api-1 923.1MiB / 7.749GiB 0.14%|
06:05:10	fin-oom-worker-1 842.7MiB / 1.5GiB 0.53%|fin-oom-api-1 923.1MiB / 7.749GiB 16.50%|
06:05:12	fin-oom-worker-1 842.7MiB / 1.5GiB 0.69%|fin-oom-api-1 923.1MiB / 7.749GiB 0.19%|
06:05:14	fin-oom-worker-1 842.7MiB / 1.5GiB 0.12%|fin-oom-api-1 923.1MiB / 7.749GiB 0.21%|
06:05:16	fin-oom-worker-1 842.7MiB / 1.5GiB 0.41%|fin-oom-api-1 923MiB / 7.749GiB 0.26%|
06:05:18	fin-oom-worker-1 842.7MiB / 1.5GiB 0.43%|fin-oom-api-1 923MiB / 7.749GiB 0.21%|
06:05:20	fin-oom-worker-1 842.7MiB / 1.5GiB 0.56%|fin-oom-api-1 923.2MiB / 7.749GiB 16.47%|
06:05:22	fin-oom-worker-1 842.7MiB / 1.5GiB 0.53%|fin-oom-api-1 923.2MiB / 7.749GiB 0.34%|
06:05:24	fin-oom-worker-1 842.7MiB / 1.5GiB 0.40%|fin-oom-api-1 923.2MiB / 7.749GiB 0.17%|
06:05:26	fin-oom-worker-1 842.7MiB / 1.5GiB 0.31%|fin-oom-api-1 923.1MiB / 7.749GiB 0.23%|
06:05:28	fin-oom-worker-1 842.7MiB / 1.5GiB 0.46%|fin-oom-api-1 923.1MiB / 7.749GiB 0.23%|
06:05:30	fin-oom-worker-1 842.7MiB / 1.5GiB 0.46%|fin-oom-api-1 935.7MiB / 7.749GiB 12.63%|
06:05:32	fin-oom-worker-1 842.7MiB / 1.5GiB 0.44%|fin-oom-api-1 923.1MiB / 7.749GiB 0.22%|
06:05:34	fin-oom-worker-1 842.7MiB / 1.5GiB 0.55%|fin-oom-api-1 923.1MiB / 7.749GiB 0.13%|
06:05:36	fin-oom-worker-1 842.7MiB / 1.5GiB 0.52%|fin-oom-api-1 923MiB / 7.749GiB 16.36%|
06:05:38	fin-oom-worker-1 842.7MiB / 1.5GiB 0.38%|fin-oom-api-1 923MiB / 7.749GiB 0.27%|
06:05:40	fin-oom-worker-1 842.7MiB / 1.5GiB 0.32%|fin-oom-api-1 923MiB / 7.749GiB 0.21%|
06:05:42	fin-oom-worker-1 842.7MiB / 1.5GiB 0.37%|fin-oom-api-1 923.2MiB / 7.749GiB 0.25%|
06:05:44	fin-oom-worker-1 842.7MiB / 1.5GiB 0.47%|fin-oom-api-1 923.2MiB / 7.749GiB 0.20%|
06:05:46	fin-oom-worker-1 842.7MiB / 1.5GiB 0.82%|fin-oom-api-1 922.9MiB / 7.749GiB 16.34%|
06:05:48	fin-oom-worker-1 842.7MiB / 1.5GiB 0.42%|fin-oom-api-1 922.9MiB / 7.749GiB 0.27%|
06:05:50	fin-oom-worker-1 842.7MiB / 1.5GiB 0.12%|fin-oom-api-1 922.9MiB / 7.749GiB 0.22%|
06:05:52	fin-oom-worker-1 842.7MiB / 1.5GiB 0.28%|fin-oom-api-1 923MiB / 7.749GiB 0.26%|
06:05:54	fin-oom-worker-1 842.7MiB / 1.5GiB 0.16%|fin-oom-api-1 923MiB / 7.749GiB 0.23%|
06:05:56	fin-oom-worker-1 842.7MiB / 1.5GiB 0.25%|fin-oom-api-1 922.7MiB / 7.749GiB 16.74%|
06:05:58	fin-oom-worker-1 842.7MiB / 1.5GiB 0.46%|fin-oom-api-1 922.7MiB / 7.749GiB 0.25%|
06:06:01	fin-oom-worker-1 842.7MiB / 1.5GiB 0.50%|fin-oom-api-1 922.7MiB / 7.749GiB 0.19%|
06:06:03	fin-oom-worker-1 842.7MiB / 1.5GiB 0.17%|fin-oom-api-1 923.2MiB / 7.749GiB 0.21%|
06:06:05	fin-oom-worker-1 842.7MiB / 1.5GiB 0.65%|fin-oom-api-1 923.2MiB / 7.749GiB 0.21%|
06:06:07	fin-oom-worker-1 842.7MiB / 1.5GiB 0.78%|fin-oom-api-1 932.1MiB / 7.749GiB 7.88%|
06:06:09	fin-oom-worker-1 842.7MiB / 1.5GiB 0.57%|fin-oom-api-1 923.1MiB / 7.749GiB 0.20%|
06:06:11	fin-oom-worker-1 842.7MiB / 1.5GiB 0.44%|fin-oom-api-1 923.1MiB / 7.749GiB 0.18%|
06:06:13	fin-oom-worker-1 842.7MiB / 1.5GiB 0.65%|fin-oom-api-1 923MiB / 7.749GiB 15.93%|
06:06:15	fin-oom-worker-1 842.7MiB / 1.5GiB 0.51%|fin-oom-api-1 923MiB / 7.749GiB 0.21%|
06:06:17	fin-oom-worker-1 842.7MiB / 1.5GiB 0.58%|fin-oom-api-1 923MiB / 7.749GiB 0.23%|
06:06:19	fin-oom-worker-1 842.7MiB / 1.5GiB 0.63%|fin-oom-api-1 923MiB / 7.749GiB 0.22%|
06:06:21	fin-oom-worker-1 842.7MiB / 1.5GiB 0.45%|fin-oom-api-1 923MiB / 7.749GiB 0.18%|
06:06:23	fin-oom-worker-1 842.7MiB / 1.5GiB 0.46%|fin-oom-api-1 922.9MiB / 7.749GiB 16.70%|
06:06:25	fin-oom-worker-1 842.7MiB / 1.5GiB 0.48%|fin-oom-api-1 922.9MiB / 7.749GiB 0.19%|
06:06:27	fin-oom-worker-1 842.7MiB / 1.5GiB 0.19%|fin-oom-api-1 922.9MiB / 7.749GiB 0.17%|
06:06:29	fin-oom-worker-1 842.7MiB / 1.5GiB 0.33%|fin-oom-api-1 923.1MiB / 7.749GiB 0.20%|
06:06:31	fin-oom-worker-1 842.7MiB / 1.5GiB 0.14%|fin-oom-api-1 923.1MiB / 7.749GiB 0.25%|
06:06:33	fin-oom-worker-1 842.7MiB / 1.5GiB 0.35%|fin-oom-api-1 923.1MiB / 7.749GiB 14.94%|
06:06:35	fin-oom-worker-1 842.7MiB / 1.5GiB 0.56%|fin-oom-api-1 923.1MiB / 7.749GiB 0.21%|
06:06:37	fin-oom-worker-1 842.7MiB / 1.5GiB 0.70%|fin-oom-api-1 923.1MiB / 7.749GiB 0.17%|
06:06:39	fin-oom-worker-1 842.7MiB / 1.5GiB 0.11%|fin-oom-api-1 923MiB / 7.749GiB 0.20%|
06:06:41	fin-oom-worker-1 842.7MiB / 1.5GiB 0.59%|fin-oom-api-1 923MiB / 7.749GiB 0.21%|
06:06:43	fin-oom-worker-1 842.7MiB / 1.5GiB 0.56%|fin-oom-api-1 930MiB / 7.749GiB 3.99%|
06:06:45	fin-oom-worker-1 842.7MiB / 1.5GiB 0.76%|fin-oom-api-1 922.9MiB / 7.749GiB 0.24%|
06:06:47	fin-oom-worker-1 842.7MiB / 1.5GiB 0.39%|fin-oom-api-1 922.9MiB / 7.749GiB 0.18%|
06:06:49	fin-oom-worker-1 842.7MiB / 1.5GiB 0.47%|fin-oom-api-1 923.1MiB / 7.749GiB 15.97%|
06:06:51	fin-oom-worker-1 842.7MiB / 1.5GiB 0.57%|fin-oom-api-1 923.1MiB / 7.749GiB 0.23%|
06:06:53	fin-oom-worker-1 842.7MiB / 1.5GiB 0.43%|fin-oom-api-1 923.1MiB / 7.749GiB 0.28%|
06:06:55	fin-oom-worker-1 842.7MiB / 1.5GiB 0.64%|fin-oom-api-1 923.1MiB / 7.749GiB 0.21%|
06:06:57	fin-oom-worker-1 842.7MiB / 1.5GiB 0.60%|fin-oom-api-1 923.1MiB / 7.749GiB 0.18%|
06:06:59	fin-oom-worker-1 842.4MiB / 1.5GiB 0.39%|fin-oom-api-1 923.1MiB / 7.749GiB 16.47%|
06:07:01	fin-oom-worker-1 842.4MiB / 1.5GiB 0.44%|fin-oom-api-1 923MiB / 7.749GiB 0.23%|
06:07:03	fin-oom-worker-1 842.7MiB / 1.5GiB 0.33%|fin-oom-api-1 923MiB / 7.749GiB 0.23%|
06:07:05	fin-oom-worker-1 842.7MiB / 1.5GiB 0.38%|fin-oom-api-1 922.9MiB / 7.749GiB 0.22%|
06:07:07	fin-oom-worker-1 842.7MiB / 1.5GiB 0.44%|fin-oom-api-1 922.9MiB / 7.749GiB 0.22%|
06:07:09	fin-oom-worker-1 842.7MiB / 1.5GiB 0.42%|fin-oom-api-1 923.3MiB / 7.749GiB 14.93%|
06:07:11	fin-oom-worker-1 842.7MiB / 1.5GiB 0.39%|fin-oom-api-1 923.1MiB / 7.749GiB 0.26%|
06:07:13	fin-oom-worker-1 842.7MiB / 1.5GiB 0.64%|fin-oom-api-1 923.1MiB / 7.749GiB 0.16%|
06:07:15	fin-oom-worker-1 842.7MiB / 1.5GiB 0.45%|fin-oom-api-1 922.8MiB / 7.749GiB 0.22%|
06:07:17	fin-oom-worker-1 842.7MiB / 1.5GiB 0.47%|fin-oom-api-1 922.8MiB / 7.749GiB 0.24%|
06:07:19	fin-oom-worker-1 842.7MiB / 1.5GiB 0.59%|fin-oom-api-1 927MiB / 7.749GiB 2.33%|
06:07:21	fin-oom-worker-1 842.7MiB / 1.5GiB 0.48%|fin-oom-api-1 922.9MiB / 7.749GiB 0.28%|
06:07:23	fin-oom-worker-1 842.7MiB / 1.5GiB 0.60%|fin-oom-api-1 922.9MiB / 7.749GiB 0.20%|
06:07:25	fin-oom-worker-1 842.7MiB / 1.5GiB 0.24%|fin-oom-api-1 922.8MiB / 7.749GiB 16.57%|
06:07:27	fin-oom-worker-1 842.7MiB / 1.5GiB 0.45%|fin-oom-api-1 922.8MiB / 7.749GiB 0.27%|
06:07:29	fin-oom-worker-1 842.7MiB / 1.5GiB 0.65%|fin-oom-api-1 922.8MiB / 7.749GiB 0.22%|
06:07:31	fin-oom-worker-1 842.7MiB / 1.5GiB 0.65%|fin-oom-api-1 923.2MiB / 7.749GiB 0.27%|
06:07:33	fin-oom-worker-1 842.7MiB / 1.5GiB 0.58%|fin-oom-api-1 923.2MiB / 7.749GiB 0.17%|
06:07:35	fin-oom-worker-1 842.7MiB / 1.5GiB 0.49%|fin-oom-api-1 922.9MiB / 7.749GiB 15.48%|
06:07:37	fin-oom-worker-1 842.7MiB / 1.5GiB 0.62%|fin-oom-api-1 922.9MiB / 7.749GiB 0.22%|
06:07:39	fin-oom-worker-1 842.7MiB / 1.5GiB 0.70%|fin-oom-api-1 922.9MiB / 7.749GiB 0.20%|
06:07:41	fin-oom-worker-1 842.7MiB / 1.5GiB 0.12%|fin-oom-api-1 923.1MiB / 7.749GiB 0.20%|
06:07:43	fin-oom-worker-1 842.7MiB / 1.5GiB 0.34%|fin-oom-api-1 923.1MiB / 7.749GiB 0.27%|
06:07:45	fin-oom-worker-1 842.7MiB / 1.5GiB 0.21%|fin-oom-api-1 923.1MiB / 7.749GiB 16.71%|
06:07:47	fin-oom-worker-1 842.7MiB / 1.5GiB 0.26%|fin-oom-api-1 923.1MiB / 7.749GiB 0.22%|
06:07:49	fin-oom-worker-1 842.7MiB / 1.5GiB 0.51%|fin-oom-api-1 923.1MiB / 7.749GiB 0.16%|
06:07:51	fin-oom-worker-1 842.7MiB / 1.5GiB 0.20%|fin-oom-api-1 922.8MiB / 7.749GiB 2.38%|
06:07:53	fin-oom-worker-1 842.7MiB / 1.5GiB 0.78%|fin-oom-api-1 922.8MiB / 7.749GiB 0.24%|
06:07:55	fin-oom-worker-1 842.7MiB / 1.5GiB 0.60%|fin-oom-api-1 922.8MiB / 7.749GiB 0.23%|
06:07:57	fin-oom-worker-1 842.7MiB / 1.5GiB 0.48%|fin-oom-api-1 922.9MiB / 7.749GiB 0.22%|
06:07:59	fin-oom-worker-1 842.7MiB / 1.5GiB 0.63%|fin-oom-api-1 922.9MiB / 7.749GiB 0.17%|
06:08:01	fin-oom-worker-1 842.7MiB / 1.5GiB 0.57%|fin-oom-api-1 922.9MiB / 7.749GiB 16.64%|
06:08:03	fin-oom-worker-1 842.7MiB / 1.5GiB 0.92%|fin-oom-api-1 922.9MiB / 7.749GiB 0.26%|
06:08:05	fin-oom-worker-1 842.7MiB / 1.5GiB 0.64%|fin-oom-api-1 922.9MiB / 7.749GiB 0.25%|
06:08:07	fin-oom-worker-1 842.7MiB / 1.5GiB 0.48%|fin-oom-api-1 923.1MiB / 7.749GiB 0.23%|
06:08:09	fin-oom-worker-1 842.7MiB / 1.5GiB 0.35%|fin-oom-api-1 923.1MiB / 7.749GiB 0.15%|
06:08:11	fin-oom-worker-1 842.7MiB / 1.5GiB 0.34%|fin-oom-api-1 923MiB / 7.749GiB 14.69%|
06:08:13	fin-oom-worker-1 842.7MiB / 1.5GiB 0.78%|fin-oom-api-1 923MiB / 7.749GiB 0.27%|
06:08:15	fin-oom-worker-1 842.7MiB / 1.5GiB 0.12%|fin-oom-api-1 923MiB / 7.749GiB 0.16%|
06:08:17	fin-oom-worker-1 842.7MiB / 1.5GiB 0.32%|fin-oom-api-1 923.1MiB / 7.749GiB 0.25%|
06:08:19	fin-oom-worker-1 842.7MiB / 1.5GiB 0.20%|fin-oom-api-1 923.1MiB / 7.749GiB 0.26%|
06:08:21	fin-oom-worker-1 842.7MiB / 1.5GiB 0.12%|fin-oom-api-1 923.3MiB / 7.749GiB 16.24%|
06:08:23	fin-oom-worker-1 842.7MiB / 1.5GiB 0.20%|fin-oom-api-1 923.1MiB / 7.749GiB 0.19%|
06:08:25	fin-oom-worker-1 842.7MiB / 1.5GiB 0.68%|fin-oom-api-1 923.1MiB / 7.749GiB 0.16%|
06:08:27	fin-oom-worker-1 842.7MiB / 1.5GiB 0.19%|fin-oom-api-1 922.8MiB / 7.749GiB 1.40%|
06:08:29	fin-oom-worker-1 842.7MiB / 1.5GiB 0.39%|fin-oom-api-1 922.8MiB / 7.749GiB 0.19%|
06:08:31	fin-oom-worker-1 842.7MiB / 1.5GiB 0.43%|fin-oom-api-1 923.1MiB / 7.749GiB 0.22%|
06:08:33	fin-oom-worker-1 842.7MiB / 1.5GiB 0.42%|fin-oom-api-1 923MiB / 7.749GiB 0.20%|
06:08:35	fin-oom-worker-1 842.7MiB / 1.5GiB 0.06%|fin-oom-api-1 923MiB / 7.749GiB 0.12%|
06:08:38	fin-oom-worker-1 842.7MiB / 1.5GiB 0.61%|fin-oom-api-1 923MiB / 7.749GiB 16.93%|
06:08:40	fin-oom-worker-1 842.7MiB / 1.5GiB 0.39%|fin-oom-api-1 923MiB / 7.749GiB 0.21%|
06:08:42	fin-oom-worker-1 842.7MiB / 1.5GiB 0.62%|fin-oom-api-1 923MiB / 7.749GiB 0.19%|
06:08:44	fin-oom-worker-1 842.7MiB / 1.5GiB 0.75%|fin-oom-api-1 922.9MiB / 7.749GiB 0.22%|
06:08:46	fin-oom-worker-1 842.7MiB / 1.5GiB 0.32%|fin-oom-api-1 922.9MiB / 7.749GiB 0.16%|
06:08:48	fin-oom-worker-1 842.7MiB / 1.5GiB 0.53%|fin-oom-api-1 922.9MiB / 7.749GiB 14.18%|
06:08:50	fin-oom-worker-1 842.7MiB / 1.5GiB 0.56%|fin-oom-api-1 922.9MiB / 7.749GiB 0.22%|
06:08:52	fin-oom-worker-1 842.7MiB / 1.5GiB 0.20%|fin-oom-api-1 922.9MiB / 7.749GiB 0.20%|
06:08:54	fin-oom-worker-1 842.4MiB / 1.5GiB 0.60%|fin-oom-api-1 923.1MiB / 7.749GiB 0.24%|
06:08:56	fin-oom-worker-1 842.4MiB / 1.5GiB 0.56%|fin-oom-api-1 923.1MiB / 7.749GiB 0.24%|
06:08:58	fin-oom-worker-1 842.7MiB / 1.5GiB 0.46%|fin-oom-api-1 923.1MiB / 7.749GiB 15.18%|
06:09:00	fin-oom-worker-1 842.7MiB / 1.5GiB 0.67%|fin-oom-api-1 923MiB / 7.749GiB 0.21%|
06:09:02	fin-oom-worker-1 842.7MiB / 1.5GiB 0.44%|fin-oom-api-1 923MiB / 7.749GiB 0.14%|
06:09:04	fin-oom-worker-1 842.7MiB / 1.5GiB 0.20%|fin-oom-api-1 923MiB / 7.749GiB 1.04%|
06:09:06	fin-oom-worker-1 842.7MiB / 1.5GiB 0.80%|fin-oom-api-1 923MiB / 7.749GiB 0.20%|
06:09:08	fin-oom-worker-1 842.7MiB / 1.5GiB 0.59%|fin-oom-api-1 929.4MiB / 7.749GiB 0.78%|
06:09:10	fin-oom-worker-1 842.7MiB / 1.5GiB 0.44%|fin-oom-api-1 922.9MiB / 7.749GiB 0.22%|
06:09:12	fin-oom-worker-1 842.7MiB / 1.5GiB 0.45%|fin-oom-api-1 922.9MiB / 7.749GiB 0.14%|
06:09:14	fin-oom-worker-1 842.7MiB / 1.5GiB 0.51%|fin-oom-api-1 923.1MiB / 7.749GiB 16.43%|
06:09:16	fin-oom-worker-1 842.7MiB / 1.5GiB 0.36%|fin-oom-api-1 923.1MiB / 7.749GiB 0.26%|
06:09:18	fin-oom-worker-1 842.7MiB / 1.5GiB 0.43%|fin-oom-api-1 923.1MiB / 7.749GiB 0.21%|
06:09:20	fin-oom-worker-1 842.7MiB / 1.5GiB 0.59%|fin-oom-api-1 922.8MiB / 7.749GiB 0.27%|
06:09:22	fin-oom-worker-1 842.7MiB / 1.5GiB 0.62%|fin-oom-api-1 922.8MiB / 7.749GiB 0.18%|
06:09:24	fin-oom-worker-1 842.7MiB / 1.5GiB 0.61%|fin-oom-api-1 922.9MiB / 7.749GiB 16.49%|
06:09:26	fin-oom-worker-1 842.7MiB / 1.5GiB 0.73%|fin-oom-api-1 922.9MiB / 7.749GiB 0.26%|
06:09:28	fin-oom-worker-1 842.7MiB / 1.5GiB 0.16%|fin-oom-api-1 922.9MiB / 7.749GiB 0.22%|
06:09:30	fin-oom-worker-1 842.7MiB / 1.5GiB 0.61%|fin-oom-api-1 923.1MiB / 7.749GiB 0.34%|
06:09:32	fin-oom-worker-1 842.7MiB / 1.5GiB 0.51%|fin-oom-api-1 923.1MiB / 7.749GiB 0.20%|
06:09:34	fin-oom-worker-1 842.7MiB / 1.5GiB 0.48%|fin-oom-api-1 923MiB / 7.749GiB 16.94%|
06:09:36	fin-oom-worker-1 842.7MiB / 1.5GiB 0.52%|fin-oom-api-1 922.9MiB / 7.749GiB 0.25%|
06:09:38	fin-oom-worker-1 842.7MiB / 1.5GiB 0.32%|fin-oom-api-1 922.9MiB / 7.749GiB 0.18%|
06:09:40	fin-oom-worker-1 842.7MiB / 1.5GiB 0.56%|fin-oom-api-1 923.1MiB / 7.749GiB 4.96%|
06:09:42	fin-oom-worker-1 842.7MiB / 1.5GiB 0.27%|fin-oom-api-1 923.1MiB / 7.749GiB 0.25%|
06:09:44	fin-oom-worker-1 842.7MiB / 1.5GiB 0.72%|fin-oom-api-1 923.1MiB / 7.749GiB 0.23%|
06:09:46	fin-oom-worker-1 842.7MiB / 1.5GiB 0.72%|fin-oom-api-1 923.3MiB / 7.749GiB 0.22%|
06:09:48	fin-oom-worker-1 842.7MiB / 1.5GiB 0.69%|fin-oom-api-1 923.3MiB / 7.749GiB 0.20%|
06:09:50	fin-oom-worker-1 842.7MiB / 1.5GiB 0.63%|fin-oom-api-1 923MiB / 7.749GiB 15.37%|
06:09:52	fin-oom-worker-1 842.7MiB / 1.5GiB 0.58%|fin-oom-api-1 923MiB / 7.749GiB 0.26%|
